source,target,relationship,confidence,evidence,source_url,target_url
repo:sormi-assay-development,project:SORMI,part_of_project,0.9,Detected 'SORMI' in repo 'sormi-assay-development' text,https://github.com/RobertsLab/sormi-assay-development,
repo:project-oyster-oa,project:Ocean Acidification (OA),part_of_project,0.9,Detected 'Ocean Acidification (OA)' in repo 'project-oyster-oa' text,https://github.com/RobertsLab/project-oyster-oa,
repo:project-gigas-conditioning,species:Pacific oyster (Crassostrea/Magallana gigas),studies_species,0.9,Detected 'Pacific oyster (Crassostrea/Magallana gigas)' in repo 'project-gigas-conditioning' text,https://github.com/RobertsLab/project-gigas-conditioning,
repo:project-gigas-conditioning,keyword:conditioning,shares_keyword,0.9,Detected 'conditioning' in repo 'project-gigas-conditioning' text,https://github.com/RobertsLab/project-gigas-conditioning,
repo:project-lake-trout,species:Lake trout (Salvelinus namaycush),studies_species,0.9,Detected 'Lake trout (Salvelinus namaycush)' in repo 'project-lake-trout' text,https://github.com/RobertsLab/project-lake-trout,
repo:project-lake-trout,method:Genome browser,uses_method,0.9,Detected 'Genome browser' in repo 'project-lake-trout' text,https://github.com/RobertsLab/project-lake-trout,
repo:project-lake-trout,omics:Genomics,has_omics,0.9,Detected 'Genomics' in repo 'project-lake-trout' text,https://github.com/RobertsLab/project-lake-trout,
repo:project-lake-trout,keyword:genome browser,shares_keyword,0.9,Detected 'genome browser' in repo 'project-lake-trout' text,https://github.com/RobertsLab/project-lake-trout,
repo:project-lake-trout,keyword:genome,shares_keyword,0.9,Detected 'genome' in repo 'project-lake-trout' text,https://github.com/RobertsLab/project-lake-trout,
repo:project-lake-trout,project:Lake trout genome,part_of_project,0.9,Detected 'Lake trout genome' in repo 'project-lake-trout' text,https://github.com/RobertsLab/project-lake-trout,
repo:polyIC-larvae,keyword:larvae,shares_keyword,0.9,Detected 'larvae' in repo 'polyIC-larvae' text,https://github.com/RobertsLab/polyIC-larvae,
repo:10K-seed-Cgigas,species:Pacific oyster (Crassostrea/Magallana gigas),studies_species,0.9,Detected 'Pacific oyster (Crassostrea/Magallana gigas)' in repo '10K-seed-Cgigas' text,https://github.com/RobertsLab/10K-seed-Cgigas,
repo:10K-seed-Cgigas,keyword:hardening,shares_keyword,0.9,Detected 'hardening' in repo '10K-seed-Cgigas' text,https://github.com/RobertsLab/10K-seed-Cgigas,
repo:10K-seed-Cgigas,project:10K seed hardening,part_of_project,0.9,Detected '10K seed hardening' in repo '10K-seed-Cgigas' text,https://github.com/RobertsLab/10K-seed-Cgigas,
repo:resazurin-assay-development,method:Resazurin assay,uses_method,0.9,Detected 'Resazurin assay' in repo 'resazurin-assay-development' text,https://github.com/RobertsLab/resazurin-assay-development,
repo:resazurin-assay-development,keyword:resazurin,shares_keyword,0.9,Detected 'resazurin' in repo 'resazurin-assay-development' text,https://github.com/RobertsLab/resazurin-assay-development,
repo:resazurin-assay-development,project:Resazurin assay development,part_of_project,0.9,Detected 'Resazurin assay development' in repo 'resazurin-assay-development' text,https://github.com/RobertsLab/resazurin-assay-development,
repo:project-cod-temperature,species:Pacific cod (Gadus macrocephalus),studies_species,0.9,Detected 'Pacific cod (Gadus macrocephalus)' in repo 'project-cod-temperature' text,https://github.com/RobertsLab/project-cod-temperature,
repo:project-cod-temperature,keyword:temperature,shares_keyword,0.9,Detected 'temperature' in repo 'project-cod-temperature' text,https://github.com/RobertsLab/project-cod-temperature,
repo:project-mytilus-methylation,species:Blue mussel (Mytilus spp.),studies_species,0.9,Detected 'Blue mussel (Mytilus spp.)' in repo 'project-mytilus-methylation' text,https://github.com/RobertsLab/project-mytilus-methylation,
repo:project-mytilus-methylation,method:DNA methylation,uses_method,0.9,Detected 'DNA methylation' in repo 'project-mytilus-methylation' text,https://github.com/RobertsLab/project-mytilus-methylation,
repo:project-mytilus-methylation,omics:Epigenomics,has_omics,0.9,Detected 'Epigenomics' in repo 'project-mytilus-methylation' text,https://github.com/RobertsLab/project-mytilus-methylation,
repo:project-mytilus-methylation,keyword:methylation,shares_keyword,0.9,Detected 'methylation' in repo 'project-mytilus-methylation' text,https://github.com/RobertsLab/project-mytilus-methylation,
repo:manchester-hardening,keyword:hardening,shares_keyword,0.9,Detected 'hardening' in repo 'manchester-hardening' text,https://github.com/RobertsLab/manchester-hardening,
repo:manchester-hardening,keyword:thermal,shares_keyword,0.9,Detected 'thermal' in repo 'manchester-hardening' text,https://github.com/RobertsLab/manchester-hardening,
repo:manchester-hardening,project:Manchester hardening,part_of_project,0.9,Detected 'Manchester hardening' in repo 'manchester-hardening' text,https://github.com/RobertsLab/manchester-hardening,
repo:vims-resazurin,method:Resazurin assay,uses_method,0.9,Detected 'Resazurin assay' in repo 'vims-resazurin' text,https://github.com/RobertsLab/vims-resazurin,
repo:vims-resazurin,keyword:resazurin,shares_keyword,0.9,Detected 'resazurin' in repo 'vims-resazurin' text,https://github.com/RobertsLab/vims-resazurin,
repo:vims-resazurin,project:Resazurin assay development,part_of_project,0.9,Detected 'Resazurin assay development' in repo 'vims-resazurin' text,https://github.com/RobertsLab/vims-resazurin,
repo:project-clam-oa,species:Manila clam / clam,studies_species,0.9,Detected 'Manila clam / clam' in repo 'project-clam-oa' text,https://github.com/RobertsLab/project-clam-oa,
repo:project-clam-oa,project:Ocean Acidification (OA),part_of_project,0.9,Detected 'Ocean Acidification (OA)' in repo 'project-clam-oa' text,https://github.com/RobertsLab/project-clam-oa,
repo:project-gigas-carryover,species:Pacific oyster (Crassostrea/Magallana gigas),studies_species,0.9,Detected 'Pacific oyster (Crassostrea/Magallana gigas)' in repo 'project-gigas-carryover' text,https://github.com/RobertsLab/project-gigas-carryover,
repo:project-gigas-carryover,keyword:carryover,shares_keyword,0.9,Detected 'carryover' in repo 'project-gigas-carryover' text,https://github.com/RobertsLab/project-gigas-carryover,
repo:project-gigas-carryover,keyword:aquaculture,shares_keyword,0.9,Detected 'aquaculture' in repo 'project-gigas-carryover' text,https://github.com/RobertsLab/project-gigas-carryover,
repo:project-gigas-carryover,project:Gigas carryover (USDA Aquaculture),part_of_project,0.9,Detected 'Gigas carryover (USDA Aquaculture)' in repo 'project-gigas-carryover' text,https://github.com/RobertsLab/project-gigas-carryover,
repo:pgc-edc-oyster,species:Pacific oyster (Crassostrea/Magallana gigas),studies_species,0.9,Detected 'Pacific oyster (Crassostrea/Magallana gigas)' in repo 'pgc-edc-oyster' text,https://github.com/RobertsLab/pgc-edc-oyster,
repo:resazurin-family-screenings,method:Resazurin assay,uses_method,0.9,Detected 'Resazurin assay' in repo 'resazurin-family-screenings' text,https://github.com/RobertsLab/resazurin-family-screenings,
repo:resazurin-family-screenings,keyword:resazurin,shares_keyword,0.9,Detected 'resazurin' in repo 'resazurin-family-screenings' text,https://github.com/RobertsLab/resazurin-family-screenings,
repo:resazurin-family-screenings,project:Resazurin assay development,part_of_project,0.9,Detected 'Resazurin assay development' in repo 'resazurin-family-screenings' text,https://github.com/RobertsLab/resazurin-family-screenings,
repo:project-caligus-methylation,species:Sea louse (Caligus),studies_species,0.9,Detected 'Sea louse (Caligus)' in repo 'project-caligus-methylation' text,https://github.com/RobertsLab/project-caligus-methylation,
repo:project-caligus-methylation,method:DNA methylation,uses_method,0.9,Detected 'DNA methylation' in repo 'project-caligus-methylation' text,https://github.com/RobertsLab/project-caligus-methylation,
repo:project-caligus-methylation,omics:Epigenomics,has_omics,0.9,Detected 'Epigenomics' in repo 'project-caligus-methylation' text,https://github.com/RobertsLab/project-caligus-methylation,
repo:project-caligus-methylation,keyword:methylation,shares_keyword,0.9,Detected 'methylation' in repo 'project-caligus-methylation' text,https://github.com/RobertsLab/project-caligus-methylation,
repo:project-myt-crass-methylation,species:Blue mussel (Mytilus spp.),studies_species,0.9,Detected 'Blue mussel (Mytilus spp.)' in repo 'project-myt-crass-methylation' text,https://github.com/RobertsLab/project-myt-crass-methylation,
repo:project-myt-crass-methylation,method:DNA methylation,uses_method,0.9,Detected 'DNA methylation' in repo 'project-myt-crass-methylation' text,https://github.com/RobertsLab/project-myt-crass-methylation,
repo:project-myt-crass-methylation,omics:Epigenomics,has_omics,0.9,Detected 'Epigenomics' in repo 'project-myt-crass-methylation' text,https://github.com/RobertsLab/project-myt-crass-methylation,
repo:project-myt-crass-methylation,keyword:methylation,shares_keyword,0.9,Detected 'methylation' in repo 'project-myt-crass-methylation' text,https://github.com/RobertsLab/project-myt-crass-methylation,
repo:project-eDNA-yellow,method:Metabarcoding / eDNA / taxonomy,uses_method,0.9,Detected 'Metabarcoding / eDNA / taxonomy' in repo 'project-eDNA-yellow' text,https://github.com/RobertsLab/project-eDNA-yellow,
repo:project-eDNA-yellow,omics:Metagenomics,has_omics,0.9,Detected 'Metagenomics' in repo 'project-eDNA-yellow' text,https://github.com/RobertsLab/project-eDNA-yellow,
repo:oyster-ploidy-hardening,species:Pacific oyster (Crassostrea/Magallana gigas),studies_species,0.9,Detected 'Pacific oyster (Crassostrea/Magallana gigas)' in repo 'oyster-ploidy-hardening' text,https://github.com/RobertsLab/oyster-ploidy-hardening,
repo:oyster-ploidy-hardening,keyword:hardening,shares_keyword,0.9,Detected 'hardening' in repo 'oyster-ploidy-hardening' text,https://github.com/RobertsLab/oyster-ploidy-hardening,
repo:oyster-ploidy-hardening,keyword:ploidy,shares_keyword,0.9,Detected 'ploidy' in repo 'oyster-ploidy-hardening' text,https://github.com/RobertsLab/oyster-ploidy-hardening,
repo:oyster-ploidy-hardening,keyword:triploid,shares_keyword,0.9,Detected 'triploid' in repo 'oyster-ploidy-hardening' text,https://github.com/RobertsLab/oyster-ploidy-hardening,
repo:oyster-ploidy-hardening,keyword:diploid,shares_keyword,0.9,Detected 'diploid' in repo 'oyster-ploidy-hardening' text,https://github.com/RobertsLab/oyster-ploidy-hardening,
repo:laby-18s,species:Labyrinthula,studies_species,0.9,Detected 'Labyrinthula' in repo 'laby-18s' text,https://github.com/RobertsLab/laby-18s,
repo:laby-18s,method:Metabarcoding / eDNA / taxonomy,uses_method,0.9,Detected 'Metabarcoding / eDNA / taxonomy' in repo 'laby-18s' text,https://github.com/RobertsLab/laby-18s,
repo:laby-18s,omics:Metagenomics,has_omics,0.9,Detected 'Metagenomics' in repo 'laby-18s' text,https://github.com/RobertsLab/laby-18s,
repo:project-sc-RNAseq,method:RNA-seq,uses_method,0.9,Detected 'RNA-seq' in repo 'project-sc-RNAseq' text,https://github.com/RobertsLab/project-sc-RNAseq,
repo:project-sc-RNAseq,omics:Transcriptomics,has_omics,0.9,Detected 'Transcriptomics' in repo 'project-sc-RNAseq' text,https://github.com/RobertsLab/project-sc-RNAseq,
repo:poster-geoduck-NSA-2023,species:Geoduck (Panopea generosa),studies_species,0.9,Detected 'Geoduck (Panopea generosa)' in repo 'poster-geoduck-NSA-2023' text,https://github.com/RobertsLab/poster-geoduck-NSA-2023,
repo:EpiDiverse-snp,method:Bisulfite / BS-seq,uses_method,0.9,Detected 'Bisulfite / BS-seq' in repo 'EpiDiverse-snp' text,https://github.com/RobertsLab/EpiDiverse-snp,
repo:EpiDiverse-snp,method:DNA methylation,uses_method,0.9,Detected 'DNA methylation' in repo 'EpiDiverse-snp' text,https://github.com/RobertsLab/EpiDiverse-snp,
repo:EpiDiverse-snp,method:SNP / variant calling,uses_method,0.9,Detected 'SNP / variant calling' in repo 'EpiDiverse-snp' text,https://github.com/RobertsLab/EpiDiverse-snp,
repo:EpiDiverse-snp,omics:Genomics,has_omics,0.9,Detected 'Genomics' in repo 'EpiDiverse-snp' text,https://github.com/RobertsLab/EpiDiverse-snp,
repo:EpiDiverse-snp,omics:Epigenomics,has_omics,0.9,Detected 'Epigenomics' in repo 'EpiDiverse-snp' text,https://github.com/RobertsLab/EpiDiverse-snp,
repo:EpiDiverse-snp,keyword:methylation,shares_keyword,0.9,Detected 'methylation' in repo 'EpiDiverse-snp' text,https://github.com/RobertsLab/EpiDiverse-snp,
repo:project-historical-hematodinium-crab,species:Crab (general),studies_species,0.9,Detected 'Crab (general)' in repo 'project-historical-hematodinium-crab' text,https://github.com/RobertsLab/project-historical-hematodinium-crab,
repo:project-historical-hematodinium-crab,species:Hematodinium (parasite),studies_species,0.9,Detected 'Hematodinium (parasite)' in repo 'project-historical-hematodinium-crab' text,https://github.com/RobertsLab/project-historical-hematodinium-crab,
repo:project-historical-hematodinium-crab,project:Tanner crab / Hematodinium,part_of_project,0.9,Detected 'Tanner crab / Hematodinium' in repo 'project-historical-hematodinium-crab' text,https://github.com/RobertsLab/project-historical-hematodinium-crab,
repo:paper-tanner-crab,species:Tanner crab (Chionoecetes bairdi),studies_species,0.9,Detected 'Tanner crab (Chionoecetes bairdi)' in repo 'paper-tanner-crab' text,https://github.com/RobertsLab/paper-tanner-crab,
repo:paper-tanner-crab,species:Hematodinium (parasite),studies_species,0.9,Detected 'Hematodinium (parasite)' in repo 'paper-tanner-crab' text,https://github.com/RobertsLab/paper-tanner-crab,
repo:paper-tanner-crab,project:Tanner crab / Hematodinium,part_of_project,0.9,Detected 'Tanner crab / Hematodinium' in repo 'paper-tanner-crab' text,https://github.com/RobertsLab/paper-tanner-crab,
repo:project-gigas-oa-meth,species:Pacific oyster (Crassostrea/Magallana gigas),studies_species,0.9,Detected 'Pacific oyster (Crassostrea/Magallana gigas)' in repo 'project-gigas-oa-meth' text,https://github.com/RobertsLab/project-gigas-oa-meth,
repo:project-gigas-oa-meth,method:DNA methylation,uses_method,0.9,Detected 'DNA methylation' in repo 'project-gigas-oa-meth' text,https://github.com/RobertsLab/project-gigas-oa-meth,
repo:project-gigas-oa-meth,omics:Epigenomics,has_omics,0.9,Detected 'Epigenomics' in repo 'project-gigas-oa-meth' text,https://github.com/RobertsLab/project-gigas-oa-meth,
repo:project-gigas-oa-meth,keyword:methylation,shares_keyword,0.9,Detected 'methylation' in repo 'project-gigas-oa-meth' text,https://github.com/RobertsLab/project-gigas-oa-meth,
repo:project-gigas-oa-meth,keyword:larvae,shares_keyword,0.9,Detected 'larvae' in repo 'project-gigas-oa-meth' text,https://github.com/RobertsLab/project-gigas-oa-meth,
repo:project-gigas-oa-meth,keyword:gonad,shares_keyword,0.9,Detected 'gonad' in repo 'project-gigas-oa-meth' text,https://github.com/RobertsLab/project-gigas-oa-meth,
repo:project-gigas-oa-meth,project:Ocean Acidification (OA),part_of_project,0.9,Detected 'Ocean Acidification (OA)' in repo 'project-gigas-oa-meth' text,https://github.com/RobertsLab/project-gigas-oa-meth,
repo:project-crab,species:Crab (general),studies_species,0.9,Detected 'Crab (general)' in repo 'project-crab' text,https://github.com/RobertsLab/project-crab,
repo:project-geoduck-oa,species:Geoduck (Panopea generosa),studies_species,0.9,Detected 'Geoduck (Panopea generosa)' in repo 'project-geoduck-oa' text,https://github.com/RobertsLab/project-geoduck-oa,
repo:project-geoduck-oa,project:Ocean Acidification (OA),part_of_project,0.9,Detected 'Ocean Acidification (OA)' in repo 'project-geoduck-oa' text,https://github.com/RobertsLab/project-geoduck-oa,
repo:project-gigas-ploidy-oa,species:Pacific oyster (Crassostrea/Magallana gigas),studies_species,0.9,Detected 'Pacific oyster (Crassostrea/Magallana gigas)' in repo 'project-gigas-ploidy-oa' text,https://github.com/RobertsLab/project-gigas-ploidy-oa,
repo:project-gigas-ploidy-oa,keyword:ploidy,shares_keyword,0.9,Detected 'ploidy' in repo 'project-gigas-ploidy-oa' text,https://github.com/RobertsLab/project-gigas-ploidy-oa,
repo:project-gigas-ploidy-oa,project:Ocean Acidification (OA),part_of_project,0.9,Detected 'Ocean Acidification (OA)' in repo 'project-gigas-ploidy-oa' text,https://github.com/RobertsLab/project-gigas-ploidy-oa,
repo:project-crab-capstone,species:Crab (general),studies_species,0.9,Detected 'Crab (general)' in repo 'project-crab-capstone' text,https://github.com/RobertsLab/project-crab-capstone,
repo:project-cockle-repro,species:Cockle,studies_species,0.9,Detected 'Cockle' in repo 'project-cockle-repro' text,https://github.com/RobertsLab/project-cockle-repro,
repo:project-gigas_ploidy,species:Pacific oyster (Crassostrea/Magallana gigas),studies_species,0.9,Detected 'Pacific oyster (Crassostrea/Magallana gigas)' in repo 'project-gigas_ploidy' text,https://github.com/RobertsLab/project-gigas_ploidy,
repo:project-gigas_ploidy,keyword:ploidy,shares_keyword,0.9,Detected 'ploidy' in repo 'project-gigas_ploidy' text,https://github.com/RobertsLab/project-gigas_ploidy,
repo:project-gigas_ploidy,keyword:triploid,shares_keyword,0.9,Detected 'triploid' in repo 'project-gigas_ploidy' text,https://github.com/RobertsLab/project-gigas_ploidy,
repo:project-gigas_ploidy,keyword:diploid,shares_keyword,0.9,Detected 'diploid' in repo 'project-gigas_ploidy' text,https://github.com/RobertsLab/project-gigas_ploidy,
repo:project-gigas_ploidy,keyword:desiccation,shares_keyword,0.9,Detected 'desiccation' in repo 'project-gigas_ploidy' text,https://github.com/RobertsLab/project-gigas_ploidy,
repo:project-dungeness-crab,species:Dungeness crab (Metacarcinus magister),studies_species,0.9,Detected 'Dungeness crab (Metacarcinus magister)' in repo 'project-dungeness-crab' text,https://github.com/RobertsLab/project-dungeness-crab,
repo:paper-hatchery-microbiome,omics:Metagenomics,has_omics,0.9,Detected 'Metagenomics' in repo 'paper-hatchery-microbiome' text,https://github.com/RobertsLab/paper-hatchery-microbiome,
repo:paper-hatchery-microbiome,keyword:hatchery,shares_keyword,0.9,Detected 'hatchery' in repo 'paper-hatchery-microbiome' text,https://github.com/RobertsLab/paper-hatchery-microbiome,
repo:paper-hatchery-microbiome,keyword:microbiome,shares_keyword,0.9,Detected 'microbiome' in repo 'paper-hatchery-microbiome' text,https://github.com/RobertsLab/paper-hatchery-microbiome,
repo:paper-crab,species:Crab (general),studies_species,0.9,Detected 'Crab (general)' in repo 'paper-crab' text,https://github.com/RobertsLab/paper-crab,
repo:project-hematodinium,species:Hematodinium (parasite),studies_species,0.9,Detected 'Hematodinium (parasite)' in repo 'project-hematodinium' text,https://github.com/RobertsLab/project-hematodinium,
repo:project-hematodinium,project:Tanner crab / Hematodinium,part_of_project,0.9,Detected 'Tanner crab / Hematodinium' in repo 'project-hematodinium' text,https://github.com/RobertsLab/project-hematodinium,
repo:explore-crab-data,species:Crab (general),studies_species,0.9,Detected 'Crab (general)' in repo 'explore-crab-data' text,https://github.com/RobertsLab/explore-crab-data,
repo:duck-genome-viz,omics:Genomics,has_omics,0.9,Detected 'Genomics' in repo 'duck-genome-viz' text,https://github.com/RobertsLab/duck-genome-viz,
repo:duck-genome-viz,keyword:genome,shares_keyword,0.9,Detected 'genome' in repo 'duck-genome-viz' text,https://github.com/RobertsLab/duck-genome-viz,
repo:Paper-oly-adult-oa,species:Olympia oyster (Ostrea lurida),studies_species,0.9,Detected 'Olympia oyster (Ostrea lurida)' in repo 'Paper-oly-adult-oa' text,https://github.com/RobertsLab/Paper-oly-adult-oa,
repo:Paper-oly-adult-oa,project:Ocean Acidification (OA),part_of_project,0.9,Detected 'Ocean Acidification (OA)' in repo 'Paper-oly-adult-oa' text,https://github.com/RobertsLab/Paper-oly-adult-oa,
repo:project-pacific.oyster-larvae,keyword:larvae,shares_keyword,0.9,Detected 'larvae' in repo 'project-pacific.oyster-larvae' text,https://github.com/RobertsLab/project-pacific.oyster-larvae,
repo:paper-gigas-early-gametogenic-exposure,species:Pacific oyster (Crassostrea/Magallana gigas),studies_species,0.9,Detected 'Pacific oyster (Crassostrea/Magallana gigas)' in repo 'paper-gigas-early-gametogenic-exposure' text,https://github.com/RobertsLab/paper-gigas-early-gametogenic-exposure,
repo:paper-gigas-early-gametogenic-exposure,keyword:carryover,shares_keyword,0.9,Detected 'carryover' in repo 'paper-gigas-early-gametogenic-exposure' text,https://github.com/RobertsLab/paper-gigas-early-gametogenic-exposure,
repo:paper-gigas-early-gametogenic-exposure,project:Gigas carryover (USDA Aquaculture),part_of_project,0.9,Detected 'Gigas carryover (USDA Aquaculture)' in repo 'paper-gigas-early-gametogenic-exposure' text,https://github.com/RobertsLab/paper-gigas-early-gametogenic-exposure,
repo:paper-gigas-DNR-proteomics,species:Pacific oyster (Crassostrea/Magallana gigas),studies_species,0.9,Detected 'Pacific oyster (Crassostrea/Magallana gigas)' in repo 'paper-gigas-DNR-proteomics' text,https://github.com/RobertsLab/paper-gigas-DNR-proteomics,
repo:paper-gigas-DNR-proteomics,method:Proteomics,uses_method,0.9,Detected 'Proteomics' in repo 'paper-gigas-DNR-proteomics' text,https://github.com/RobertsLab/paper-gigas-DNR-proteomics,
repo:paper-gigas-DNR-proteomics,omics:Proteomics,has_omics,0.9,Detected 'Proteomics' in repo 'paper-gigas-DNR-proteomics' text,https://github.com/RobertsLab/paper-gigas-DNR-proteomics,
repo:paper-gigas-DNR-proteomics,keyword:proteomics,shares_keyword,0.9,Detected 'proteomics' in repo 'paper-gigas-DNR-proteomics' text,https://github.com/RobertsLab/paper-gigas-DNR-proteomics,
repo:paper-gigas-DNR-proteomics,project:Geoduck proteomics (DNR),part_of_project,0.9,Detected 'Geoduck proteomics (DNR)' in repo 'paper-gigas-DNR-proteomics' text,https://github.com/RobertsLab/paper-gigas-DNR-proteomics,
repo:project-geoduck-genome,species:Geoduck (Panopea generosa),studies_species,0.9,Detected 'Geoduck (Panopea generosa)' in repo 'project-geoduck-genome' text,https://github.com/RobertsLab/project-geoduck-genome,
repo:project-geoduck-genome,omics:Genomics,has_omics,0.9,Detected 'Genomics' in repo 'project-geoduck-genome' text,https://github.com/RobertsLab/project-geoduck-genome,
repo:project-geoduck-genome,keyword:genome,shares_keyword,0.9,Detected 'genome' in repo 'project-geoduck-genome' text,https://github.com/RobertsLab/project-geoduck-genome,
repo:project-virginica-oa,species:Eastern oyster (Crassostrea virginica),studies_species,0.9,Detected 'Eastern oyster (Crassostrea virginica)' in repo 'project-virginica-oa' text,https://github.com/RobertsLab/project-virginica-oa,
repo:project-virginica-oa,project:Ocean Acidification (OA),part_of_project,0.9,Detected 'Ocean Acidification (OA)' in repo 'project-virginica-oa' text,https://github.com/RobertsLab/project-virginica-oa,
repo:titrator,method:Carbonate chemistry / titration,uses_method,0.9,Detected 'Carbonate chemistry / titration' in repo 'titrator' text,https://github.com/RobertsLab/titrator,
repo:project-olympia.oyster-genomic,omics:Genomics,has_omics,0.9,Detected 'Genomics' in repo 'project-olympia.oyster-genomic' text,https://github.com/RobertsLab/project-olympia.oyster-genomic,
repo:Paper-DNR-Geoduck-Proteomics,species:Geoduck (Panopea generosa),studies_species,0.9,Detected 'Geoduck (Panopea generosa)' in repo 'Paper-DNR-Geoduck-Proteomics' text,https://github.com/RobertsLab/Paper-DNR-Geoduck-Proteomics,
repo:Paper-DNR-Geoduck-Proteomics,method:Proteomics,uses_method,0.9,Detected 'Proteomics' in repo 'Paper-DNR-Geoduck-Proteomics' text,https://github.com/RobertsLab/Paper-DNR-Geoduck-Proteomics,
repo:Paper-DNR-Geoduck-Proteomics,omics:Proteomics,has_omics,0.9,Detected 'Proteomics' in repo 'Paper-DNR-Geoduck-Proteomics' text,https://github.com/RobertsLab/Paper-DNR-Geoduck-Proteomics,
repo:Paper-DNR-Geoduck-Proteomics,keyword:proteomics,shares_keyword,0.9,Detected 'proteomics' in repo 'Paper-DNR-Geoduck-Proteomics' text,https://github.com/RobertsLab/Paper-DNR-Geoduck-Proteomics,
repo:Paper-DNR-Geoduck-Proteomics,project:Geoduck proteomics (DNR),part_of_project,0.9,Detected 'Geoduck proteomics (DNR)' in repo 'Paper-DNR-Geoduck-Proteomics' text,https://github.com/RobertsLab/Paper-DNR-Geoduck-Proteomics,
repo:paper-Olurida-gene,species:Olympia oyster (Ostrea lurida),studies_species,0.9,Detected 'Olympia oyster (Ostrea lurida)' in repo 'paper-Olurida-gene' text,https://github.com/RobertsLab/paper-Olurida-gene,
repo:hyak_mox,keyword:hyak,shares_keyword,0.9,Detected 'hyak' in repo 'hyak_mox' text,https://github.com/RobertsLab/hyak_mox,
repo:paper-gigas-metaanalysis,species:Pacific oyster (Crassostrea/Magallana gigas),studies_species,0.9,Detected 'Pacific oyster (Crassostrea/Magallana gigas)' in repo 'paper-gigas-metaanalysis' text,https://github.com/RobertsLab/paper-gigas-metaanalysis,
repo:paper-gigas-metaanalysis,method:DNA methylation,uses_method,0.9,Detected 'DNA methylation' in repo 'paper-gigas-metaanalysis' text,https://github.com/RobertsLab/paper-gigas-metaanalysis,
repo:paper-gigas-metaanalysis,omics:Epigenomics,has_omics,0.9,Detected 'Epigenomics' in repo 'paper-gigas-metaanalysis' text,https://github.com/RobertsLab/paper-gigas-metaanalysis,
repo:paper-gigas-metaanalysis,keyword:methylation,shares_keyword,0.9,Detected 'methylation' in repo 'paper-gigas-metaanalysis' text,https://github.com/RobertsLab/paper-gigas-metaanalysis,
repo:paper_oly_gbs,species:Olympia oyster (Ostrea lurida),studies_species,0.9,Detected 'Olympia oyster (Ostrea lurida)' in repo 'paper_oly_gbs' text,https://github.com/RobertsLab/paper_oly_gbs,
repo:project-sablefish,species:Sablefish (Anoplopoma fimbria),studies_species,0.9,Detected 'Sablefish (Anoplopoma fimbria)' in repo 'project-sablefish' text,https://github.com/RobertsLab/project-sablefish,
repo:project-geoduck-repro,species:Geoduck (Panopea generosa),studies_species,0.9,Detected 'Geoduck (Panopea generosa)' in repo 'project-geoduck-repro' text,https://github.com/RobertsLab/project-geoduck-repro,
notebook:tumbling-oysters/83-mytilus-reboot,person:Steven Roberts,authored_by,0.9,Post '83-mytilus-reboot' authored by Steven Roberts,https://sr320.github.io/tumbling-oysters/posts/83-mytilus-reboot/index.html,
notebook:tumbling-oysters/83-mytilus-reboot,species:Blue mussel (Mytilus spp.),studies_species,0.9,Detected 'Blue mussel (Mytilus spp.)' in notebook '83-mytilus-reboot',https://sr320.github.io/tumbling-oysters/posts/83-mytilus-reboot/index.html,
notebook:tumbling-oysters/83-mytilus-reboot,project:Mytilus methylation,part_of_project,0.9,Detected 'Mytilus methylation' in notebook '83-mytilus-reboot',https://sr320.github.io/tumbling-oysters/posts/83-mytilus-reboot/index.html,
notebook:tumbling-oysters/82-trout-recip-pav,person:Steven Roberts,authored_by,0.9,Post '82-trout-recip-pav' authored by Steven Roberts,https://sr320.github.io/tumbling-oysters/posts/82-trout-recip-pav/index.html,
notebook:tumbling-oysters/82-trout-recip-pav,species:Lake trout (Salvelinus namaycush),studies_species,0.9,Detected 'Lake trout (Salvelinus namaycush)' in notebook '82-trout-recip-pav',https://sr320.github.io/tumbling-oysters/posts/82-trout-recip-pav/index.html,
notebook:tumbling-oysters/81-trout-mapping-diff,person:Steven Roberts,authored_by,0.9,Post '81-trout-mapping-diff' authored by Steven Roberts,https://sr320.github.io/tumbling-oysters/posts/81-trout-mapping-diff/index.html,
notebook:tumbling-oysters/81-trout-mapping-diff,species:Lake trout (Salvelinus namaycush),studies_species,0.9,Detected 'Lake trout (Salvelinus namaycush)' in notebook '81-trout-mapping-diff',https://sr320.github.io/tumbling-oysters/posts/81-trout-mapping-diff/index.html,
notebook:tumbling-oysters/81-trout-mapping-diff,method:Read mapping / alignment,uses_method,0.9,Detected 'Read mapping / alignment' in notebook '81-trout-mapping-diff',https://sr320.github.io/tumbling-oysters/posts/81-trout-mapping-diff/index.html,
notebook:tumbling-oysters/81-trout-mapping-diff,project:Lake trout genome,part_of_project,0.9,Detected 'Lake trout genome' in notebook '81-trout-mapping-diff',https://sr320.github.io/tumbling-oysters/posts/81-trout-mapping-diff/index.html,
notebook:tumbling-oysters/80-sormi-post-mort,person:Steven Roberts,authored_by,0.9,Post '80-sormi-post-mort' authored by Steven Roberts,https://sr320.github.io/tumbling-oysters/posts/80-sormi-post-mort/index.html,
notebook:tumbling-oysters/80-sormi-post-mort,project:SORMI,part_of_project,0.9,Detected 'SORMI' in notebook '80-sormi-post-mort',https://sr320.github.io/tumbling-oysters/posts/80-sormi-post-mort/index.html,
notebook:tumbling-oysters/79-trout-synteny,person:Steven Roberts,authored_by,0.9,Post '79-trout-synteny' authored by Steven Roberts,https://sr320.github.io/tumbling-oysters/posts/79-trout-synteny/index.html,
notebook:tumbling-oysters/79-trout-synteny,species:Lake trout (Salvelinus namaycush),studies_species,0.9,Detected 'Lake trout (Salvelinus namaycush)' in notebook '79-trout-synteny',https://sr320.github.io/tumbling-oysters/posts/79-trout-synteny/index.html,
notebook:tumbling-oysters/79-trout-synteny,method:Orthology / synteny,uses_method,0.9,Detected 'Orthology / synteny' in notebook '79-trout-synteny',https://sr320.github.io/tumbling-oysters/posts/79-trout-synteny/index.html,
notebook:tumbling-oysters/79-trout-synteny,keyword:synteny,shares_keyword,0.9,Detected 'synteny' in notebook '79-trout-synteny',https://sr320.github.io/tumbling-oysters/posts/79-trout-synteny/index.html,
notebook:tumbling-oysters/79-trout-synteny,project:Lake trout genome,part_of_project,0.9,Detected 'Lake trout genome' in notebook '79-trout-synteny',https://sr320.github.io/tumbling-oysters/posts/79-trout-synteny/index.html,
notebook:tumbling-oysters/78-trout-lift-over,person:Steven Roberts,authored_by,0.9,Post '78-trout-lift-over' authored by Steven Roberts,https://sr320.github.io/tumbling-oysters/posts/78-trout-lift-over/index.html,
notebook:tumbling-oysters/78-trout-lift-over,species:Lake trout (Salvelinus namaycush),studies_species,0.9,Detected 'Lake trout (Salvelinus namaycush)' in notebook '78-trout-lift-over',https://sr320.github.io/tumbling-oysters/posts/78-trout-lift-over/index.html,
notebook:tumbling-oysters/78-trout-lift-over,method:Liftover,uses_method,0.9,Detected 'Liftover' in notebook '78-trout-lift-over',https://sr320.github.io/tumbling-oysters/posts/78-trout-lift-over/index.html,
notebook:tumbling-oysters/78-trout-lift-over,project:Lake trout genome,part_of_project,0.9,Detected 'Lake trout genome' in notebook '78-trout-lift-over',https://sr320.github.io/tumbling-oysters/posts/78-trout-lift-over/index.html,
notebook:tumbling-oysters/78-priming-w2,person:Steven Roberts,authored_by,0.9,Post '78-priming-w2' authored by Steven Roberts,https://sr320.github.io/tumbling-oysters/posts/78-priming-w2/index.html,
notebook:tumbling-oysters/78-priming-w2,keyword:priming,shares_keyword,0.9,Detected 'priming' in notebook '78-priming-w2',https://sr320.github.io/tumbling-oysters/posts/78-priming-w2/index.html,
notebook:tumbling-oysters/78-priming-w2,project:Priming / environmental memory,part_of_project,0.9,Detected 'Priming / environmental memory' in notebook '78-priming-w2',https://sr320.github.io/tumbling-oysters/posts/78-priming-w2/index.html,
notebook:tumbling-oysters/76-lake-trout-gene-pheno,person:Steven Roberts,authored_by,0.9,Post '76-lake-trout-gene-pheno' authored by Steven Roberts,https://sr320.github.io/tumbling-oysters/posts/76-lake-trout-gene-pheno/index.html,
notebook:tumbling-oysters/76-lake-trout-gene-pheno,species:Lake trout (Salvelinus namaycush),studies_species,0.9,Detected 'Lake trout (Salvelinus namaycush)' in notebook '76-lake-trout-gene-pheno',https://sr320.github.io/tumbling-oysters/posts/76-lake-trout-gene-pheno/index.html,
notebook:tumbling-oysters/76-lake-trout-gene-pheno,keyword:phenotype,shares_keyword,0.9,Detected 'phenotype' in notebook '76-lake-trout-gene-pheno',https://sr320.github.io/tumbling-oysters/posts/76-lake-trout-gene-pheno/index.html,
notebook:tumbling-oysters/76-lake-trout-gene-pheno,project:Lake trout genome,part_of_project,0.9,Detected 'Lake trout genome' in notebook '76-lake-trout-gene-pheno',https://sr320.github.io/tumbling-oysters/posts/76-lake-trout-gene-pheno/index.html,
notebook:tumbling-oysters/77-priming-w2,person:Steven Roberts,authored_by,0.9,Post '77-priming-w2' authored by Steven Roberts,https://sr320.github.io/tumbling-oysters/posts/77-priming-w2/index.html,
notebook:tumbling-oysters/77-priming-w2,keyword:priming,shares_keyword,0.9,Detected 'priming' in notebook '77-priming-w2',https://sr320.github.io/tumbling-oysters/posts/77-priming-w2/index.html,
notebook:tumbling-oysters/77-priming-w2,project:Priming / environmental memory,part_of_project,0.9,Detected 'Priming / environmental memory' in notebook '77-priming-w2',https://sr320.github.io/tumbling-oysters/posts/77-priming-w2/index.html,
notebook:tumbling-oysters/76-detection,person:Steven Roberts,authored_by,0.9,Post '76-detection' authored by Steven Roberts,https://sr320.github.io/tumbling-oysters/posts/76-detection/index.html,
notebook:tumbling-oysters/74-wescott-mort,person:Steven Roberts,authored_by,0.9,Post '74-wescott-mort' authored by Steven Roberts,https://sr320.github.io/tumbling-oysters/posts/74-wescott-mort/index.html,
notebook:tumbling-oysters/74-wescott-mort,keyword:mortality,shares_keyword,0.9,Detected 'mortality' in notebook '74-wescott-mort',https://sr320.github.io/tumbling-oysters/posts/74-wescott-mort/index.html,
notebook:tumbling-oysters/73-sormi-mort,person:Steven Roberts,authored_by,0.9,Post '73-sormi-mort' authored by Steven Roberts,https://sr320.github.io/tumbling-oysters/posts/73-sormi-mort/index.html,
notebook:tumbling-oysters/73-sormi-mort,keyword:mortality,shares_keyword,0.9,Detected 'mortality' in notebook '73-sormi-mort',https://sr320.github.io/tumbling-oysters/posts/73-sormi-mort/index.html,
notebook:tumbling-oysters/73-sormi-mort,project:SORMI,part_of_project,0.9,Detected 'SORMI' in notebook '73-sormi-mort',https://sr320.github.io/tumbling-oysters/posts/73-sormi-mort/index.html,
notebook:tumbling-oysters/72-manchester-mort,person:Steven Roberts,authored_by,0.9,Post '72-manchester-mort' authored by Steven Roberts,https://sr320.github.io/tumbling-oysters/posts/72-manchester-mort/index.html,
notebook:tumbling-oysters/72-manchester-mort,keyword:mortality,shares_keyword,0.9,Detected 'mortality' in notebook '72-manchester-mort',https://sr320.github.io/tumbling-oysters/posts/72-manchester-mort/index.html,
notebook:tumbling-oysters/72-manchester-mort,project:Manchester hardening,part_of_project,0.9,Detected 'Manchester hardening' in notebook '72-manchester-mort',https://sr320.github.io/tumbling-oysters/posts/72-manchester-mort/index.html,
notebook:tumbling-oysters/71-10k,person:Steven Roberts,authored_by,0.9,Post '71-10k' authored by Steven Roberts,https://sr320.github.io/tumbling-oysters/posts/71-10k/index.html,
notebook:tumbling-oysters/71-10k,project:10K seed hardening,part_of_project,0.9,Detected '10K seed hardening' in notebook '71-10k',https://sr320.github.io/tumbling-oysters/posts/71-10k/index.html,
notebook:tumbling-oysters/70-sormi,person:Steven Roberts,authored_by,0.9,Post '70-sormi' authored by Steven Roberts,https://sr320.github.io/tumbling-oysters/posts/70-sormi/index.html,
notebook:tumbling-oysters/70-sormi,project:SORMI,part_of_project,0.9,Detected 'SORMI' in notebook '70-sormi',https://sr320.github.io/tumbling-oysters/posts/70-sormi/index.html,
notebook:tumbling-oysters/69-linksmas,person:Steven Roberts,authored_by,0.9,Post '69-linksmas' authored by Steven Roberts,https://sr320.github.io/tumbling-oysters/posts/69-linksmas/index.html,
notebook:tumbling-oysters/68-barnacle,person:Steven Roberts,authored_by,0.9,Post '68-barnacle' authored by Steven Roberts,https://sr320.github.io/tumbling-oysters/posts/68-barnacle/index.html,
notebook:tumbling-oysters/68-barnacle,species:Barnacle,studies_species,0.9,Detected 'Barnacle' in notebook '68-barnacle',https://sr320.github.io/tumbling-oysters/posts/68-barnacle/index.html,
notebook:tumbling-oysters/67-coeff-var,person:Steven Roberts,authored_by,0.9,Post '67-coeff-var' authored by Steven Roberts,https://sr320.github.io/tumbling-oysters/posts/67-coeff-var/index.html,
notebook:tumbling-oysters/65-gbm-plots,person:Steven Roberts,authored_by,0.9,Post '65-gbm-plots' authored by Steven Roberts,https://sr320.github.io/tumbling-oysters/posts/65-gbm-plots/index.html,
notebook:tumbling-oysters/65-gbm-plots,method:DNA methylation,uses_method,0.9,Detected 'DNA methylation' in notebook '65-gbm-plots',https://sr320.github.io/tumbling-oysters/posts/65-gbm-plots/index.html,
notebook:tumbling-oysters/65-gbm-plots,omics:Epigenomics,has_omics,0.9,Detected 'Epigenomics' in notebook '65-gbm-plots',https://sr320.github.io/tumbling-oysters/posts/65-gbm-plots/index.html,
notebook:tumbling-oysters/65-gbm-plots,keyword:methylation,shares_keyword,0.9,Detected 'methylation' in notebook '65-gbm-plots',https://sr320.github.io/tumbling-oysters/posts/65-gbm-plots/index.html,
notebook:tumbling-oysters/64-barnacle,person:Steven Roberts,authored_by,0.9,Post '64-barnacle' authored by Steven Roberts,https://sr320.github.io/tumbling-oysters/posts/64-barnacle/index.html,
notebook:tumbling-oysters/64-barnacle,species:Barnacle,studies_species,0.9,Detected 'Barnacle' in notebook '64-barnacle',https://sr320.github.io/tumbling-oysters/posts/64-barnacle/index.html,
notebook:tumbling-oysters/63-contra,person:Steven Roberts,authored_by,0.9,Post '63-contra' authored by Steven Roberts,https://sr320.github.io/tumbling-oysters/posts/63-contra/index.html,
notebook:tumbling-oysters/62-biomin,person:Steven Roberts,authored_by,0.9,Post '62-biomin' authored by Steven Roberts,https://sr320.github.io/tumbling-oysters/posts/62-biomin/index.html,
notebook:tumbling-oysters/62-biomin,keyword:biomineralization,shares_keyword,0.9,Detected 'biomineralization' in notebook '62-biomin',https://sr320.github.io/tumbling-oysters/posts/62-biomin/index.html,
notebook:tumbling-oysters/62-biomin,project:Biomineralization,part_of_project,0.9,Detected 'Biomineralization' in notebook '62-biomin',https://sr320.github.io/tumbling-oysters/posts/62-biomin/index.html,
notebook:tumbling-oysters/61-gene-meth,person:Steven Roberts,authored_by,0.9,Post '61-gene-meth' authored by Steven Roberts,https://sr320.github.io/tumbling-oysters/posts/61-gene-meth/index.html,
notebook:tumbling-oysters/61-gene-meth,method:DNA methylation,uses_method,0.9,Detected 'DNA methylation' in notebook '61-gene-meth',https://sr320.github.io/tumbling-oysters/posts/61-gene-meth/index.html,
notebook:tumbling-oysters/61-gene-meth,omics:Epigenomics,has_omics,0.9,Detected 'Epigenomics' in notebook '61-gene-meth',https://sr320.github.io/tumbling-oysters/posts/61-gene-meth/index.html,
notebook:tumbling-oysters/61-gene-meth,keyword:methylation,shares_keyword,0.9,Detected 'methylation' in notebook '61-gene-meth',https://sr320.github.io/tumbling-oysters/posts/61-gene-meth/index.html,
notebook:tumbling-oysters/58-biomin,person:Steven Roberts,authored_by,0.9,Post '58-biomin' authored by Steven Roberts,https://sr320.github.io/tumbling-oysters/posts/58-biomin/index.html,
notebook:tumbling-oysters/58-biomin,keyword:biomineralization,shares_keyword,0.9,Detected 'biomineralization' in notebook '58-biomin',https://sr320.github.io/tumbling-oysters/posts/58-biomin/index.html,
notebook:tumbling-oysters/58-biomin,project:Biomineralization,part_of_project,0.9,Detected 'Biomineralization' in notebook '58-biomin',https://sr320.github.io/tumbling-oysters/posts/58-biomin/index.html,
notebook:tumbling-oysters/59-wgcna-annotation,person:Steven Roberts,authored_by,0.9,Post '59-wgcna-annotation' authored by Steven Roberts,https://sr320.github.io/tumbling-oysters/posts/59-wgcna-annotation/index.html,
notebook:tumbling-oysters/59-wgcna-annotation,method:WGCNA,uses_method,0.9,Detected 'WGCNA' in notebook '59-wgcna-annotation',https://sr320.github.io/tumbling-oysters/posts/59-wgcna-annotation/index.html,
notebook:tumbling-oysters/59-wgcna-annotation,method:Genome annotation,uses_method,0.9,Detected 'Genome annotation' in notebook '59-wgcna-annotation',https://sr320.github.io/tumbling-oysters/posts/59-wgcna-annotation/index.html,
notebook:tumbling-oysters/59-wgcna-annotation,omics:Transcriptomics,has_omics,0.9,Detected 'Transcriptomics' in notebook '59-wgcna-annotation',https://sr320.github.io/tumbling-oysters/posts/59-wgcna-annotation/index.html,
notebook:tumbling-oysters/59-wgcna-annotation,keyword:wgcna,shares_keyword,0.9,Detected 'wgcna' in notebook '59-wgcna-annotation',https://sr320.github.io/tumbling-oysters/posts/59-wgcna-annotation/index.html,
notebook:tumbling-oysters/59-wgcna-annotation,keyword:annotation,shares_keyword,0.9,Detected 'annotation' in notebook '59-wgcna-annotation',https://sr320.github.io/tumbling-oysters/posts/59-wgcna-annotation/index.html,
notebook:tumbling-oysters/58-contra-24,person:Steven Roberts,authored_by,0.9,Post '58-contra-24' authored by Steven Roberts,https://sr320.github.io/tumbling-oysters/posts/58-contra-24/index.html,
notebook:tumbling-oysters/60-contra-random,person:Steven Roberts,authored_by,0.9,Post '60-contra-random' authored by Steven Roberts,https://sr320.github.io/tumbling-oysters/posts/60-contra-random/index.html,
notebook:tumbling-oysters/57-barnacle-35opt,person:Steven Roberts,authored_by,0.9,Post '57-barnacle-35opt' authored by Steven Roberts,https://sr320.github.io/tumbling-oysters/posts/57-barnacle-35opt/index.html,
notebook:tumbling-oysters/57-barnacle-35opt,species:Barnacle,studies_species,0.9,Detected 'Barnacle' in notebook '57-barnacle-35opt',https://sr320.github.io/tumbling-oysters/posts/57-barnacle-35opt/index.html,
notebook:tumbling-oysters/56-barnacle,person:Steven Roberts,authored_by,0.9,Post '56-barnacle' authored by Steven Roberts,https://sr320.github.io/tumbling-oysters/posts/56-barnacle/index.html,
notebook:tumbling-oysters/56-barnacle,species:Barnacle,studies_species,0.9,Detected 'Barnacle' in notebook '56-barnacle',https://sr320.github.io/tumbling-oysters/posts/56-barnacle/index.html,
notebook:tumbling-oysters/55-cod-talk,person:Steven Roberts,authored_by,0.9,Post '55-cod-talk' authored by Steven Roberts,https://sr320.github.io/tumbling-oysters/posts/55-cod-talk/index.html,
notebook:tumbling-oysters/55-cod-talk,species:Pacific cod (Gadus macrocephalus),studies_species,0.9,Detected 'Pacific cod (Gadus macrocephalus)' in notebook '55-cod-talk',https://sr320.github.io/tumbling-oysters/posts/55-cod-talk/index.html,
notebook:tumbling-oysters/53-ortho-select,person:Steven Roberts,authored_by,0.9,Post '53-ortho-select' authored by Steven Roberts,https://sr320.github.io/tumbling-oysters/posts/53-ortho-select/index.html,
notebook:tumbling-oysters/53-ortho-select,method:Orthology / synteny,uses_method,0.9,Detected 'Orthology / synteny' in notebook '53-ortho-select',https://sr320.github.io/tumbling-oysters/posts/53-ortho-select/index.html,
notebook:tumbling-oysters/53-ortho-select,keyword:ortholog,shares_keyword,0.9,Detected 'ortholog' in notebook '53-ortho-select',https://sr320.github.io/tumbling-oysters/posts/53-ortho-select/index.html,
notebook:tumbling-oysters/52-e5-orthologs,person:Steven Roberts,authored_by,0.9,Post '52-e5-orthologs' authored by Steven Roberts,https://sr320.github.io/tumbling-oysters/posts/52-e5-orthologs/index.html,
notebook:tumbling-oysters/52-e5-orthologs,species:Coral (E5 / reef corals),studies_species,0.9,Detected 'Coral (E5 / reef corals)' in notebook '52-e5-orthologs',https://sr320.github.io/tumbling-oysters/posts/52-e5-orthologs/index.html,
notebook:tumbling-oysters/52-e5-orthologs,project:Coral E5 deep-dive,part_of_project,0.9,Detected 'Coral E5 deep-dive' in notebook '52-e5-orthologs',https://sr320.github.io/tumbling-oysters/posts/52-e5-orthologs/index.html,
notebook:tumbling-oysters/51-nano-next,person:Steven Roberts,authored_by,0.9,Post '51-nano-next' authored by Steven Roberts,https://sr320.github.io/tumbling-oysters/posts/51-nano-next/index.html,
notebook:tumbling-oysters/51-nano-next,method:Genome assembly / long-read,uses_method,0.9,Detected 'Genome assembly / long-read' in notebook '51-nano-next',https://sr320.github.io/tumbling-oysters/posts/51-nano-next/index.html,
notebook:tumbling-oysters/51-nano-next,keyword:nanopore,shares_keyword,0.9,Detected 'nanopore' in notebook '51-nano-next',https://sr320.github.io/tumbling-oysters/posts/51-nano-next/index.html,
notebook:tumbling-oysters/49-ptwhit,person:Steven Roberts,authored_by,0.9,Post '49-ptwhit' authored by Steven Roberts,https://sr320.github.io/tumbling-oysters/posts/49-ptwhit/index.html,
notebook:tumbling-oysters/48-cod-bwa,person:Steven Roberts,authored_by,0.9,Post '48-cod-bwa' authored by Steven Roberts,https://sr320.github.io/tumbling-oysters/posts/48-cod-bwa/index.html,
notebook:tumbling-oysters/48-cod-bwa,species:Pacific cod (Gadus macrocephalus),studies_species,0.9,Detected 'Pacific cod (Gadus macrocephalus)' in notebook '48-cod-bwa',https://sr320.github.io/tumbling-oysters/posts/48-cod-bwa/index.html,
notebook:tumbling-oysters/48-cod-bwa,method:Read mapping / alignment,uses_method,0.9,Detected 'Read mapping / alignment' in notebook '48-cod-bwa',https://sr320.github.io/tumbling-oysters/posts/48-cod-bwa/index.html,
notebook:tumbling-oysters/47-ffs,person:Steven Roberts,authored_by,0.9,Post '47-ffs' authored by Steven Roberts,https://sr320.github.io/tumbling-oysters/posts/47-ffs/index.html,
notebook:tumbling-oysters/43-intersect,person:Steven Roberts,authored_by,0.9,Post '43-intersect' authored by Steven Roberts,https://sr320.github.io/tumbling-oysters/posts/43-intersect/index.html,
notebook:tumbling-oysters/42-megan,person:Steven Roberts,authored_by,0.9,Post '42-megan' authored by Steven Roberts,https://sr320.github.io/tumbling-oysters/posts/42-megan/index.html,
notebook:tumbling-oysters/42-megan,method:Metabarcoding / eDNA / taxonomy,uses_method,0.9,Detected 'Metabarcoding / eDNA / taxonomy' in notebook '42-megan',https://sr320.github.io/tumbling-oysters/posts/42-megan/index.html,
notebook:tumbling-oysters/42-megan,omics:Metagenomics,has_omics,0.9,Detected 'Metagenomics' in notebook '42-megan',https://sr320.github.io/tumbling-oysters/posts/42-megan/index.html,
notebook:tumbling-oysters/38-klone,person:Steven Roberts,authored_by,0.9,Post '38-klone' authored by Steven Roberts,https://sr320.github.io/tumbling-oysters/posts/38-klone/index.html,
notebook:tumbling-oysters/38-klone,keyword:klone,shares_keyword,0.9,Detected 'klone' in notebook '38-klone',https://sr320.github.io/tumbling-oysters/posts/38-klone/index.html,
notebook:tumbling-oysters/36-merry,person:Steven Roberts,authored_by,0.9,Post '36-merry' authored by Steven Roberts,https://sr320.github.io/tumbling-oysters/posts/36-merry/index.html,
notebook:tumbling-oysters/35-myt-meth,person:Steven Roberts,authored_by,0.9,Post '35-myt-meth' authored by Steven Roberts,https://sr320.github.io/tumbling-oysters/posts/35-myt-meth/index.html,
notebook:tumbling-oysters/35-myt-meth,species:Blue mussel (Mytilus spp.),studies_species,0.9,Detected 'Blue mussel (Mytilus spp.)' in notebook '35-myt-meth',https://sr320.github.io/tumbling-oysters/posts/35-myt-meth/index.html,
notebook:tumbling-oysters/35-myt-meth,method:DNA methylation,uses_method,0.9,Detected 'DNA methylation' in notebook '35-myt-meth',https://sr320.github.io/tumbling-oysters/posts/35-myt-meth/index.html,
notebook:tumbling-oysters/35-myt-meth,omics:Epigenomics,has_omics,0.9,Detected 'Epigenomics' in notebook '35-myt-meth',https://sr320.github.io/tumbling-oysters/posts/35-myt-meth/index.html,
notebook:tumbling-oysters/35-myt-meth,keyword:methylation,shares_keyword,0.9,Detected 'methylation' in notebook '35-myt-meth',https://sr320.github.io/tumbling-oysters/posts/35-myt-meth/index.html,
notebook:tumbling-oysters/35-myt-meth,project:Mytilus methylation,part_of_project,0.9,Detected 'Mytilus methylation' in notebook '35-myt-meth',https://sr320.github.io/tumbling-oysters/posts/35-myt-meth/index.html,
notebook:tumbling-oysters/33-bismark-array,person:Steven Roberts,authored_by,0.9,Post '33-bismark-array' authored by Steven Roberts,https://sr320.github.io/tumbling-oysters/posts/33-bismark-array/index.html,
notebook:tumbling-oysters/33-bismark-array,method:Bisulfite / BS-seq,uses_method,0.9,Detected 'Bisulfite / BS-seq' in notebook '33-bismark-array',https://sr320.github.io/tumbling-oysters/posts/33-bismark-array/index.html,
notebook:tumbling-oysters/33-bismark-array,omics:Epigenomics,has_omics,0.9,Detected 'Epigenomics' in notebook '33-bismark-array',https://sr320.github.io/tumbling-oysters/posts/33-bismark-array/index.html,
notebook:tumbling-oysters/31-e5-genome-stats,person:Steven Roberts,authored_by,0.9,Post '31-e5-genome-stats' authored by Steven Roberts,https://sr320.github.io/tumbling-oysters/posts/31-e5-genome-stats/index.html,
notebook:tumbling-oysters/31-e5-genome-stats,species:Coral (E5 / reef corals),studies_species,0.9,Detected 'Coral (E5 / reef corals)' in notebook '31-e5-genome-stats',https://sr320.github.io/tumbling-oysters/posts/31-e5-genome-stats/index.html,
notebook:tumbling-oysters/31-e5-genome-stats,omics:Genomics,has_omics,0.9,Detected 'Genomics' in notebook '31-e5-genome-stats',https://sr320.github.io/tumbling-oysters/posts/31-e5-genome-stats/index.html,
notebook:tumbling-oysters/31-e5-genome-stats,keyword:genome,shares_keyword,0.9,Detected 'genome' in notebook '31-e5-genome-stats',https://sr320.github.io/tumbling-oysters/posts/31-e5-genome-stats/index.html,
notebook:tumbling-oysters/31-e5-genome-stats,project:Coral E5 deep-dive,part_of_project,0.9,Detected 'Coral E5 deep-dive' in notebook '31-e5-genome-stats',https://sr320.github.io/tumbling-oysters/posts/31-e5-genome-stats/index.html,
notebook:tumbling-oysters/30-hisat-annot,person:Steven Roberts,authored_by,0.9,Post '30-hisat-annot' authored by Steven Roberts,https://sr320.github.io/tumbling-oysters/posts/30-hisat-annot/index.html,
notebook:tumbling-oysters/30-hisat-annot,method:Genome annotation,uses_method,0.9,Detected 'Genome annotation' in notebook '30-hisat-annot',https://sr320.github.io/tumbling-oysters/posts/30-hisat-annot/index.html,
notebook:tumbling-oysters/30-hisat-annot,keyword:annotation,shares_keyword,0.9,Detected 'annotation' in notebook '30-hisat-annot',https://sr320.github.io/tumbling-oysters/posts/30-hisat-annot/index.html,
notebook:tumbling-oysters/29-prime,person:Steven Roberts,authored_by,0.9,Post '29-prime' authored by Steven Roberts,https://sr320.github.io/tumbling-oysters/posts/29-prime/index.html,
notebook:tumbling-oysters/29-prime,project:Priming / environmental memory,part_of_project,0.9,Detected 'Priming / environmental memory' in notebook '29-prime',https://sr320.github.io/tumbling-oysters/posts/29-prime/index.html,
notebook:tumbling-oysters/83-mytilus-reboot,repo:project-mytilus-methylation,mentions,0.8,Notebook '83-mytilus-reboot' mentions repo token(s) mytilus matching 'project-mytilus-methylation',https://sr320.github.io/tumbling-oysters/posts/83-mytilus-reboot/index.html,https://github.com/RobertsLab/project-mytilus-methylation
notebook:tumbling-oysters/83-mytilus-reboot,repo:project-myt-crass-methylation,possible_connection,0.2,Weak overlap: Blue mussel (Mytilus spp.),https://sr320.github.io/tumbling-oysters/posts/83-mytilus-reboot/index.html,https://github.com/RobertsLab/project-myt-crass-methylation
notebook:tumbling-oysters/82-trout-recip-pav,repo:project-lake-trout,mentions,0.8,Notebook '82-trout-recip-pav' mentions repo token(s) trout matching 'project-lake-trout',https://sr320.github.io/tumbling-oysters/posts/82-trout-recip-pav/index.html,https://github.com/RobertsLab/project-lake-trout
notebook:tumbling-oysters/81-trout-mapping-diff,repo:project-lake-trout,mentions,0.8,Notebook '81-trout-mapping-diff' mentions repo token(s) trout matching 'project-lake-trout',https://sr320.github.io/tumbling-oysters/posts/81-trout-mapping-diff/index.html,https://github.com/RobertsLab/project-lake-trout
notebook:tumbling-oysters/80-sormi-post-mort,repo:sormi-assay-development,mentions,0.8,Notebook '80-sormi-post-mort' mentions repo token(s) sormi matching 'sormi-assay-development',https://sr320.github.io/tumbling-oysters/posts/80-sormi-post-mort/index.html,https://github.com/RobertsLab/sormi-assay-development
notebook:tumbling-oysters/79-trout-synteny,repo:project-lake-trout,mentions,0.8,Notebook '79-trout-synteny' mentions repo token(s) trout matching 'project-lake-trout',https://sr320.github.io/tumbling-oysters/posts/79-trout-synteny/index.html,https://github.com/RobertsLab/project-lake-trout
notebook:tumbling-oysters/78-trout-lift-over,repo:project-lake-trout,mentions,0.8,Notebook '78-trout-lift-over' mentions repo token(s) trout matching 'project-lake-trout',https://sr320.github.io/tumbling-oysters/posts/78-trout-lift-over/index.html,https://github.com/RobertsLab/project-lake-trout
notebook:tumbling-oysters/76-lake-trout-gene-pheno,repo:project-lake-trout,mentions,0.8,Notebook '76-lake-trout-gene-pheno' mentions repo token(s) trout matching 'project-lake-trout',https://sr320.github.io/tumbling-oysters/posts/76-lake-trout-gene-pheno/index.html,https://github.com/RobertsLab/project-lake-trout
notebook:tumbling-oysters/73-sormi-mort,repo:sormi-assay-development,mentions,0.8,Notebook '73-sormi-mort' mentions repo token(s) sormi matching 'sormi-assay-development',https://sr320.github.io/tumbling-oysters/posts/73-sormi-mort/index.html,https://github.com/RobertsLab/sormi-assay-development
notebook:tumbling-oysters/72-manchester-mort,repo:manchester-hardening,mentions,0.8,Notebook '72-manchester-mort' mentions repo token(s) manchester matching 'manchester-hardening',https://sr320.github.io/tumbling-oysters/posts/72-manchester-mort/index.html,https://github.com/RobertsLab/manchester-hardening
notebook:tumbling-oysters/71-10k,repo:10K-seed-Cgigas,mentions,0.8,Notebook '71-10k' mentions repo token(s) 10k matching '10K-seed-Cgigas',https://sr320.github.io/tumbling-oysters/posts/71-10k/index.html,https://github.com/RobertsLab/10K-seed-Cgigas
notebook:tumbling-oysters/70-sormi,repo:sormi-assay-development,mentions,0.8,Notebook '70-sormi' mentions repo token(s) sormi matching 'sormi-assay-development',https://sr320.github.io/tumbling-oysters/posts/70-sormi/index.html,https://github.com/RobertsLab/sormi-assay-development
notebook:tumbling-oysters/65-gbm-plots,repo:project-mytilus-methylation,possible_connection,0.2,"Weak overlap: DNA methylation, methylation",https://sr320.github.io/tumbling-oysters/posts/65-gbm-plots/index.html,https://github.com/RobertsLab/project-mytilus-methylation
notebook:tumbling-oysters/65-gbm-plots,repo:project-caligus-methylation,possible_connection,0.2,"Weak overlap: DNA methylation, methylation",https://sr320.github.io/tumbling-oysters/posts/65-gbm-plots/index.html,https://github.com/RobertsLab/project-caligus-methylation
notebook:tumbling-oysters/65-gbm-plots,repo:project-myt-crass-methylation,possible_connection,0.2,"Weak overlap: DNA methylation, methylation",https://sr320.github.io/tumbling-oysters/posts/65-gbm-plots/index.html,https://github.com/RobertsLab/project-myt-crass-methylation
notebook:tumbling-oysters/65-gbm-plots,repo:EpiDiverse-snp,possible_connection,0.2,"Weak overlap: DNA methylation, methylation",https://sr320.github.io/tumbling-oysters/posts/65-gbm-plots/index.html,https://github.com/RobertsLab/EpiDiverse-snp
notebook:tumbling-oysters/65-gbm-plots,repo:project-gigas-oa-meth,possible_connection,0.2,"Weak overlap: DNA methylation, methylation",https://sr320.github.io/tumbling-oysters/posts/65-gbm-plots/index.html,https://github.com/RobertsLab/project-gigas-oa-meth
notebook:tumbling-oysters/65-gbm-plots,repo:paper-gigas-metaanalysis,possible_connection,0.2,"Weak overlap: DNA methylation, methylation",https://sr320.github.io/tumbling-oysters/posts/65-gbm-plots/index.html,https://github.com/RobertsLab/paper-gigas-metaanalysis
notebook:tumbling-oysters/61-gene-meth,repo:project-mytilus-methylation,possible_connection,0.2,"Weak overlap: DNA methylation, methylation",https://sr320.github.io/tumbling-oysters/posts/61-gene-meth/index.html,https://github.com/RobertsLab/project-mytilus-methylation
notebook:tumbling-oysters/61-gene-meth,repo:project-caligus-methylation,possible_connection,0.2,"Weak overlap: DNA methylation, methylation",https://sr320.github.io/tumbling-oysters/posts/61-gene-meth/index.html,https://github.com/RobertsLab/project-caligus-methylation
notebook:tumbling-oysters/61-gene-meth,repo:project-myt-crass-methylation,possible_connection,0.2,"Weak overlap: DNA methylation, methylation",https://sr320.github.io/tumbling-oysters/posts/61-gene-meth/index.html,https://github.com/RobertsLab/project-myt-crass-methylation
notebook:tumbling-oysters/61-gene-meth,repo:EpiDiverse-snp,possible_connection,0.2,"Weak overlap: DNA methylation, methylation",https://sr320.github.io/tumbling-oysters/posts/61-gene-meth/index.html,https://github.com/RobertsLab/EpiDiverse-snp
notebook:tumbling-oysters/61-gene-meth,repo:project-gigas-oa-meth,possible_connection,0.2,"Weak overlap: DNA methylation, methylation",https://sr320.github.io/tumbling-oysters/posts/61-gene-meth/index.html,https://github.com/RobertsLab/project-gigas-oa-meth
notebook:tumbling-oysters/61-gene-meth,repo:paper-gigas-metaanalysis,possible_connection,0.2,"Weak overlap: DNA methylation, methylation",https://sr320.github.io/tumbling-oysters/posts/61-gene-meth/index.html,https://github.com/RobertsLab/paper-gigas-metaanalysis
notebook:tumbling-oysters/55-cod-talk,repo:project-cod-temperature,mentions,0.8,Notebook '55-cod-talk' mentions repo token(s) cod matching 'project-cod-temperature',https://sr320.github.io/tumbling-oysters/posts/55-cod-talk/index.html,https://github.com/RobertsLab/project-cod-temperature
notebook:tumbling-oysters/48-cod-bwa,repo:project-cod-temperature,mentions,0.8,Notebook '48-cod-bwa' mentions repo token(s) cod matching 'project-cod-temperature',https://sr320.github.io/tumbling-oysters/posts/48-cod-bwa/index.html,https://github.com/RobertsLab/project-cod-temperature
notebook:tumbling-oysters/42-megan,repo:project-eDNA-yellow,possible_connection,0.2,Weak overlap: Metabarcoding / eDNA / taxonomy,https://sr320.github.io/tumbling-oysters/posts/42-megan/index.html,https://github.com/RobertsLab/project-eDNA-yellow
notebook:tumbling-oysters/42-megan,repo:laby-18s,possible_connection,0.2,Weak overlap: Metabarcoding / eDNA / taxonomy,https://sr320.github.io/tumbling-oysters/posts/42-megan/index.html,https://github.com/RobertsLab/laby-18s
notebook:tumbling-oysters/35-myt-meth,repo:project-mytilus-methylation,mentions,0.8,Notebook '35-myt-meth' mentions repo token(s) mytilus matching 'project-mytilus-methylation',https://sr320.github.io/tumbling-oysters/posts/35-myt-meth/index.html,https://github.com/RobertsLab/project-mytilus-methylation
notebook:tumbling-oysters/35-myt-meth,repo:project-caligus-methylation,possible_connection,0.2,"Weak overlap: DNA methylation, methylation",https://sr320.github.io/tumbling-oysters/posts/35-myt-meth/index.html,https://github.com/RobertsLab/project-caligus-methylation
notebook:tumbling-oysters/35-myt-meth,repo:project-myt-crass-methylation,mentions,0.8,Notebook '35-myt-meth' mentions repo token(s) myt matching 'project-myt-crass-methylation',https://sr320.github.io/tumbling-oysters/posts/35-myt-meth/index.html,https://github.com/RobertsLab/project-myt-crass-methylation
notebook:tumbling-oysters/35-myt-meth,repo:EpiDiverse-snp,possible_connection,0.2,"Weak overlap: DNA methylation, methylation",https://sr320.github.io/tumbling-oysters/posts/35-myt-meth/index.html,https://github.com/RobertsLab/EpiDiverse-snp
notebook:tumbling-oysters/35-myt-meth,repo:project-gigas-oa-meth,possible_connection,0.2,"Weak overlap: DNA methylation, methylation",https://sr320.github.io/tumbling-oysters/posts/35-myt-meth/index.html,https://github.com/RobertsLab/project-gigas-oa-meth
notebook:tumbling-oysters/35-myt-meth,repo:paper-gigas-metaanalysis,possible_connection,0.2,"Weak overlap: DNA methylation, methylation",https://sr320.github.io/tumbling-oysters/posts/35-myt-meth/index.html,https://github.com/RobertsLab/paper-gigas-metaanalysis
notebook:tumbling-oysters/33-bismark-array,repo:EpiDiverse-snp,possible_connection,0.2,Weak overlap: Bisulfite / BS-seq,https://sr320.github.io/tumbling-oysters/posts/33-bismark-array/index.html,https://github.com/RobertsLab/EpiDiverse-snp
notebook:tumbling-oysters/31-e5-genome-stats,repo:project-lake-trout,possible_connection,0.2,Weak overlap: genome,https://sr320.github.io/tumbling-oysters/posts/31-e5-genome-stats/index.html,https://github.com/RobertsLab/project-lake-trout
notebook:tumbling-oysters/31-e5-genome-stats,repo:duck-genome-viz,possible_connection,0.2,Weak overlap: genome,https://sr320.github.io/tumbling-oysters/posts/31-e5-genome-stats/index.html,https://github.com/RobertsLab/duck-genome-viz
notebook:tumbling-oysters/31-e5-genome-stats,repo:project-geoduck-genome,possible_connection,0.2,Weak overlap: genome,https://sr320.github.io/tumbling-oysters/posts/31-e5-genome-stats/index.html,https://github.com/RobertsLab/project-geoduck-genome
