notebook,repo_connections,example_repos,url
Washington Sea Grant Shellfish Growers Meeting Notes,56,10K-seed-Cgigas; BBC; OluridaSurvey2014; Paper-DNR-Geoduck-Proteomics; Paper-geoduck-eelgrass-OA,https://ahuffmyer.github.io/ASH_Putnam_Lab_Notebook/Washington-Sea-Grant-Shellfish-Growers-Meeting-Notes/
Testing CO2 bubbling in FTR,41,10K-seed-Cgigas; OluridaSurvey2014; Paper-geoduck-eelgrass-OA; Paper-oly-adult-oa; SHIELD,https://ahuffmyer.github.io/ASH_Putnam_Lab_Notebook/Testing-CO2-bubbling-in-FTR/
Hatchery field day at Point Whitney April 3 2024,40,10K-seed-Cgigas; OluridaSurvey2014; Paper-geoduck-eelgrass-OA; Paper-oly-adult-temp-food; SHIELD,https://ahuffmyer.github.io/ASH_Putnam_Lab_Notebook/Hatchery-field-day-at-Point-Whitney-April-3-2024/
PolyIC Seed Resazurin Assay Testing,40,10K-seed-Cgigas; OluridaSurvey2014; Paper-geoduck-eelgrass-OA; SHIELD; code,https://ahuffmyer.github.io/ASH_Putnam_Lab_Notebook/PolyIC-Seed-Resazurin-Assay-Testing/
USDA Families Resazurin Trials 3 June 2025,39,10K-seed-Cgigas; BBC; OluridaSurvey2014; Paper-geoduck-eelgrass-OA; SHIELD,https://ahuffmyer.github.io/ASH_Putnam_Lab_Notebook/USDA-Families-Resazurin-Trials-3-June/
Poly IC Resazurin Trials 10 March 2025,39,10K-seed-Cgigas; OluridaSurvey2014; Paper-geoduck-eelgrass-OA; SHIELD; code,https://ahuffmyer.github.io/ASH_Putnam_Lab_Notebook/PolyIC-Seed-Resazurin-Trials-10-March/
Launching experiment at Manchester and maintaining stocks at Point Whitney,39,10K-seed-Cgigas; OluridaSurvey2014; Paper-geoduck-eelgrass-OA; SHIELD; code,https://ahuffmyer.github.io/ASH_Putnam_Lab_Notebook/Launching-experiment-at-Manchester-and-maintaining-stocks-at-Point-Whitney/
Westcott oyster survival and resazurin lab testing,39,10K-seed-Cgigas; OluridaSurvey2014; Paper-geoduck-eelgrass-OA; SHIELD; code,https://ahuffmyer.github.io/ASH_Putnam_Lab_Notebook/Westcott-Oyster-Survival-and-Resazurin-Lab-Testing/
USDA Families Resazurin Trials Complete Results,39,10K-seed-Cgigas; BBC; OluridaSurvey2014; Paper-geoduck-eelgrass-OA; SHIELD,https://ahuffmyer.github.io/ASH_Putnam_Lab_Notebook/USDA-Families-Resazurin-Trials-Complete-Results/
USDA Families Resazurin Trials 20 May 2025,39,10K-seed-Cgigas; BBC; OluridaSurvey2014; Paper-geoduck-eelgrass-OA; SHIELD,https://ahuffmyer.github.io/ASH_Putnam_Lab_Notebook/USDA-Families-Resazurin-Trials-20-May/
Resazurin Metabolic Assays Protocol for PolyIC Seed Testing,39,10K-seed-Cgigas; OluridaSurvey2014; Paper-geoduck-eelgrass-OA; SHIELD; code,https://ahuffmyer.github.io/ASH_Putnam_Lab_Notebook/Resazurin-Metabolic-Assays-Protocol-for-PolyIC-Seed-Testing/
PolyIC Seed Resazurin Assay January 28 and 29 2025,39,10K-seed-Cgigas; OluridaSurvey2014; Paper-geoduck-eelgrass-OA; SHIELD; code,https://ahuffmyer.github.io/ASH_Putnam_Lab_Notebook/PolyIC-Seed-Resazurin-Jan-28-and-29-2025/
Oysters at FTR 8 Jan 2025,39,10K-seed-Cgigas; OluridaSurvey2014; Paper-geoduck-eelgrass-OA; Paper-oly-adult-temp-food; SHIELD,https://ahuffmyer.github.io/ASH_Putnam_Lab_Notebook/Oysters-at-FTR-8-Jan-2025/
Initial analysis of resazurin metabolic rates in 10K Seed oysters,38,10K-seed-Cgigas; OluridaSurvey2014; Paper-geoduck-eelgrass-OA; SHIELD; code,https://ahuffmyer.github.io/ASH_Putnam_Lab_Notebook/Initial-analysis-of-resazurin-metabolic-rates-in-10K-Seed-oysters/
Oyster survival testing for lifestage carryover project,38,10K-seed-Cgigas; OluridaSurvey2014; Paper-geoduck-eelgrass-OA; SHIELD; code,https://ahuffmyer.github.io/ASH_Putnam_Lab_Notebook/Oyster-survival-test-planning/
Poly IC Resazurin Trials 13 March 2025,38,10K-seed-Cgigas; OluridaSurvey2014; Paper-geoduck-eelgrass-OA; SHIELD; code,https://ahuffmyer.github.io/ASH_Putnam_Lab_Notebook/PolyIC-Seed-Resazurin-Trials-13-March/
Poly IC Resazurin Trials 20 March 2025,38,10K-seed-Cgigas; OluridaSurvey2014; Paper-geoduck-eelgrass-OA; SHIELD; code,https://ahuffmyer.github.io/ASH_Putnam_Lab_Notebook/PolyIC-Seed-Resazurin-Trials-20-March/
10K seed outplant preparations,38,10K-seed-Cgigas; OluridaSurvey2014; Paper-geoduck-eelgrass-OA; SHIELD; code,https://ahuffmyer.github.io/ASH_Putnam_Lab_Notebook/10K-seed-outplant-preparations/
Poly IC Resazurin Trials 18 March 2025,38,10K-seed-Cgigas; OluridaSurvey2014; Paper-geoduck-eelgrass-OA; SHIELD; code,https://ahuffmyer.github.io/ASH_Putnam_Lab_Notebook/PolyIC-Seed-Resazurin-Trials-18-March/
USDA Families Resazurin Trials 13 May 2025,38,10K-seed-Cgigas; BBC; OluridaSurvey2014; Paper-geoduck-eelgrass-OA; SHIELD,https://ahuffmyer.github.io/ASH_Putnam_Lab_Notebook/USDA-Families-Resazurin-Trials-13-May/
USDA Families Resazurin Trials 6 May 2025,38,10K-seed-Cgigas; BBC; OluridaSurvey2014; Paper-geoduck-eelgrass-OA; SHIELD,https://ahuffmyer.github.io/ASH_Putnam_Lab_Notebook/USDA-Families-Resazurin-Trials-6-May/
Sampling 10K seed oyster project at UW,38,10K-seed-Cgigas; OluridaSurvey2014; Paper-geoduck-eelgrass-OA; SHIELD; code,https://ahuffmyer.github.io/ASH_Putnam_Lab_Notebook/Sampling-10K-seed-oyster-project-at-UW/
Point Whitney Field Day 26 Feb 2025,38,10K-seed-Cgigas; OluridaSurvey2014; Paper-geoduck-eelgrass-OA; SHIELD; code,https://ahuffmyer.github.io/ASH_Putnam_Lab_Notebook/Point-Whitney-Field-Day-27-Feb-2025/
Hatchery field day at Point Whitney May 1 2024,38,10K-seed-Cgigas; OluridaSurvey2014; Paper-geoduck-eelgrass-OA; SHIELD; code,https://ahuffmyer.github.io/ASH_Putnam_Lab_Notebook/Hatchery-field-day-at-Point-Whitney-May-1-2024/
Assessing oyster growth at Goose Point,38,10K-seed-Cgigas; OluridaSurvey2014; Paper-geoduck-eelgrass-OA; SHIELD; code,https://ahuffmyer.github.io/posts/2026-05-23-goose-point-assessment.html
February 2025 Goals,37,10K-seed-Cgigas; MOPE; Paper-geoduck-eelgrass-OA; Paper-oly-adult-oa; SHIELD,https://ahuffmyer.github.io/ASH_Putnam_Lab_Notebook/February-2025-Goals/
Assessing oysters at Manchester for hardening project,37,10K-seed-Cgigas; OluridaSurvey2014; Paper-geoduck-eelgrass-OA; SHIELD; code,https://ahuffmyer.github.io/posts/2026-05-28-manchester-assessment.html
Protocol - oyster stress hardening for Westcott outplanting,37,10K-seed-Cgigas; OluridaSurvey2014; Paper-geoduck-eelgrass-OA; SHIELD; code,https://ahuffmyer.github.io/posts/2026-05-18-protocol-westcott-hardening.html
Resazurin data analysis and size normalization for 10K seed project,37,10K-seed-Cgigas; OluridaSurvey2014; Paper-geoduck-eelgrass-OA; SHIELD; code,https://ahuffmyer.github.io/ASH_Putnam_Lab_Notebook/Resazurin-data-analysis-and-size-normalization-for-10K-seed-project/
October 2025 Goals,37,10K-seed-Cgigas; MOPE; OluridaSurvey2014; SHIELD; hackweek-2019,https://ahuffmyer.github.io/ASH_Putnam_Lab_Notebook/October-2025-Goals/
Hatchery field day at Point Whitney May 6 2024,37,OluridaSurvey2014; Paper-geoduck-eelgrass-OA; Paper-oly-adult-oa; SHIELD; journal-selector-woa,https://ahuffmyer.github.io/ASH_Putnam_Lab_Notebook/Hatchery-field-day-at-Point-Whitney-May-6-2024/
Resazurin Metabolic Assays Protocol for Individual Stress Testing,37,10K-seed-Cgigas; OluridaSurvey2014; Paper-geoduck-eelgrass-OA; SHIELD; code,https://ahuffmyer.github.io/ASH_Putnam_Lab_Notebook/Resazurin-Metabolic-Assays-Protocol-for-Individual-Stress-Testing/
Plan for Westcott Oyster Survival Testing,37,10K-seed-Cgigas; OluridaSurvey2014; Paper-geoduck-eelgrass-OA; SHIELD; code,https://ahuffmyer.github.io/ASH_Putnam_Lab_Notebook/Plan-for-Westcott-Oyster-Survival-Testing/
Data entry for Goose Point data and schedule for incubations,37,10K-seed-Cgigas; OluridaSurvey2014; Paper-geoduck-eelgrass-OA; SHIELD; code,https://ahuffmyer.github.io/ASH_Putnam_Lab_Notebook/Data-entry-for-Goose-Point-data-and-schedule-for-incubations/
Goose Point Outplant Assessments 25 August 2025,37,10K-seed-Cgigas; OluridaSurvey2014; Paper-geoduck-eelgrass-OA; SHIELD; code,https://ahuffmyer.github.io/ASH_Putnam_Lab_Notebook/Goose-Point-Outplant-Asssessments-25-August-2025/
Point Whitney Field Day September 17 and 20 2024,37,10K-seed-Cgigas; OluridaSurvey2014; Paper-geoduck-eelgrass-OA; SHIELD; code,https://ahuffmyer.github.io/ASH_Putnam_Lab_Notebook/Point-Whitney-Field-Day-September-17-and-20-2024/
Assessing oysters at Goose Point,37,10K-seed-Cgigas; OluridaSurvey2014; Paper-geoduck-eelgrass-OA; SHIELD; code,https://ahuffmyer.github.io/ASH_Putnam_Lab_Notebook/Assessing-oysters-at-Goose-Point/
Assessing PolyIC and hardening Effort A project oysters at Sequim Bay,37,10K-seed-Cgigas; OluridaSurvey2014; Paper-geoduck-eelgrass-OA; SHIELD; code,https://ahuffmyer.github.io/ASH_Putnam_Lab_Notebook/Assessing-polyIC-and-hardening-effort-A-oysters-at-Sequim-Bay/
Point Whitney Field Day 7 Jan 2025,37,10K-seed-Cgigas; OluridaSurvey2014; Paper-geoduck-eelgrass-OA; SHIELD; code,https://ahuffmyer.github.io/ASH_Putnam_Lab_Notebook/Point-Whitney-Field-Day-7-Jan-2025/
Planning WSG USDA sample sizes and equipment for spring oyster rearing,37,BBC; EpiDiverse-snp; MOPE; OluridaSurvey2014; Paper-geoduck-eelgrass-OA,https://ahuffmyer.github.io/ASH_Putnam_Lab_Notebook/Planning-WSG-USDA-sample-sizes-and-equipment-for-spring-oyster-rearing/
10K seed resazurin survival analysis,37,10K-seed-Cgigas; OluridaSurvey2014; Paper-geoduck-eelgrass-OA; SHIELD; code,https://ahuffmyer.github.io/ASH_Putnam_Lab_Notebook/10K-seed-resazurin-survival-analysis/
WSG USDA Hatchery Day - Assessing lifestage carry over project,37,10K-seed-Cgigas; OluridaSurvey2014; Paper-geoduck-eelgrass-OA; SHIELD; code,https://ahuffmyer.github.io/ASH_Putnam_Lab_Notebook/WSG-USDA-Hatchery-Day---Assessing-lifestage-carry-over-project/
Larval sampling at Point Whitney 10 October 2024,37,10K-seed-Cgigas; OluridaSurvey2014; Paper-geoduck-eelgrass-OA; SHIELD; code,https://ahuffmyer.github.io/ASH_Putnam_Lab_Notebook/Larval-Sampling-at-Point-Whitney-10-October-2024/
Primer Design - C.gigas Alternative Oxidase AOX Variants Using Primer3,37,10K-seed-Cgigas; Paper-DNR-Geoduck-Proteomics; Paper-geoduck-eelgrass-OA; SHIELD; code,https://robertslab.github.io/sams-notebook/posts/2025/2025-01-17-Primer-Design---C.gigas-Alternative-Oxidase-AOX-Variants-Using-Primer3/index.html
DESeq2 Analysis of Montipora capitata 2023 RNAseq data,36,MOPE; OluridaSurvey2014; Paper-geoduck-eelgrass-OA; SHIELD; lab-website,https://ahuffmyer.github.io/ASH_Putnam_Lab_Notebook/DESeq2-Analysis-of-Mcap-2023-RNAseq/
Week 2 of seed hardening at Point Whitney,36,10K-seed-Cgigas; OluridaSurvey2014; Paper-geoduck-eelgrass-OA; SHIELD; code,https://ahuffmyer.github.io/posts/2026-06-08-point-whitney-seed-hardening.html
Starting a new round of seed hardening on UW campus,36,10K-seed-Cgigas; OluridaSurvey2014; Paper-geoduck-eelgrass-OA; SHIELD; code,https://ahuffmyer.github.io/posts/2026-06-05-campus-seed-hardening.html
Starting a new round of seed hardening at Point Whitney - Week 1,36,10K-seed-Cgigas; OluridaSurvey2014; Paper-geoduck-eelgrass-OA; SHIELD; code,https://ahuffmyer.github.io/posts/2026-06-04-point-whitney-seed-hardening.html
Organizing and cleaning tanks in FTR for new oysters,36,10K-seed-Cgigas; OluridaSurvey2014; Paper-geoduck-eelgrass-OA; SHIELD; code,https://ahuffmyer.github.io/posts/2026-01-23-tanks.html
Assessing field outplants at Manchester,36,10K-seed-Cgigas; OluridaSurvey2014; Paper-geoduck-eelgrass-OA; SHIELD; code,https://ahuffmyer.github.io/ASH_Putnam_Lab_Notebook/Assessing-field-outplants-at-Manchester/
Checking field outplants at Manchester,36,10K-seed-Cgigas; OluridaSurvey2014; Paper-geoduck-eelgrass-OA; SHIELD; code,https://ahuffmyer.github.io/ASH_Putnam_Lab_Notebook/Checking-field-outplants-at-Manchester/
PolyIC spat sampling at Point Whitney 20241204,36,10K-seed-Cgigas; OluridaSurvey2014; Paper-geoduck-eelgrass-OA; Paper-oly-adult-temp-food; SHIELD,https://ahuffmyer.github.io/ASH_Putnam_Lab_Notebook/PolyIC-spat-sampling-at-Point-Whitney-20241204/
PolyIC Seed RNAseq Planning,36,10K-seed-Cgigas; EpiDiverse-snp; SHIELD; code; lab-package-tracker,https://ahuffmyer.github.io/ASH_Putnam_Lab_Notebook/PolyIC-Seed-RNAseq-Planning/
Checking on field outplants at Manchester,36,10K-seed-Cgigas; OluridaSurvey2014; Paper-geoduck-eelgrass-OA; SHIELD; code,https://ahuffmyer.github.io/ASH_Putnam_Lab_Notebook/Checking-on-field-outplants-at-Manchester/
Assessing oyster outplants at Sequim Bay,36,10K-seed-Cgigas; OluridaSurvey2014; Paper-geoduck-eelgrass-OA; SHIELD; code,https://ahuffmyer.github.io/posts/2026-05-31-sequim-bay-assessment.html
ASCA Analysis for RNAseq and Lipidomics Datasets,36,MOPE; OluridaSurvey2014; Paper-DNR-Geoduck-Proteomics; Paper-geoduck-eelgrass-OA; SHIELD,https://ahuffmyer.github.io/posts/2025-12-19-asca.html
Growth analysis of Goose Point outplants from Oct 2025,36,10K-seed-Cgigas; OluridaSurvey2014; Paper-geoduck-eelgrass-OA; SHIELD; code,https://ahuffmyer.github.io/posts/2026-02-02-goosepointgrowth.html
Growth analysis of outplants Manchester,36,10K-seed-Cgigas; OluridaSurvey2014; Paper-geoduck-eelgrass-OA; SHIELD; code,https://ahuffmyer.github.io/ASH_Putnam_Lab_Notebook/Growth-analysis-of-outplants-at-Manchester/
Field outplants at Manchester,36,10K-seed-Cgigas; OluridaSurvey2014; Paper-geoduck-eelgrass-OA; SHIELD; code,https://ahuffmyer.github.io/ASH_Putnam_Lab_Notebook/Field-outplants-at-Manchester/
Oyster outplant fall assessment at Goose Point Dec 11,36,10K-seed-Cgigas; OluridaSurvey2014; Paper-geoduck-eelgrass-OA; SHIELD; code,https://ahuffmyer.github.io/ASH_Putnam_Lab_Notebook/Oyster-outplant-fall-assessment-at-Goose-Point-Dec-11/
ASCA Analysis for RNAseq and Lipidomics Data for the 2023 Hawaii project,36,MOPE; OluridaSurvey2014; Paper-DNR-Geoduck-Proteomics; Paper-geoduck-eelgrass-OA; SHIELD,https://ahuffmyer.github.io/ASH_Putnam_Lab_Notebook/ASCA-Analysis-Methods-RNAseq-Lipids/
Checking on Manchester oyster outplants,36,10K-seed-Cgigas; OluridaSurvey2014; Paper-geoduck-eelgrass-OA; SHIELD; code,https://ahuffmyer.github.io/posts/2026-01-06-manchester.html
Oyster outplant fall assessment at Westcott Dec 17,36,10K-seed-Cgigas; OluridaSurvey2014; Paper-geoduck-eelgrass-OA; SHIELD; code,https://ahuffmyer.github.io/ASH_Putnam_Lab_Notebook/Oyster-outplant-fall-assessment-at-Westcott-Dec-17/
Assessing oyster outplants at Baywater,35,10K-seed-Cgigas; OluridaSurvey2014; Paper-geoduck-eelgrass-OA; SHIELD; code,https://ahuffmyer.github.io/posts/2026-06-06-baywater-assessment.html
Goose Point Oyster Spring Assessment Analysis,35,10K-seed-Cgigas; OluridaSurvey2014; Paper-geoduck-eelgrass-OA; SHIELD; code,https://ahuffmyer.github.io/ASH_Putnam_Lab_Notebook/Goose-Point-Outplant_Analysis/
Next steps for SORMI assays,35,10K-seed-Cgigas; OluridaSurvey2014; Paper-geoduck-eelgrass-OA; SHIELD; code,https://ahuffmyer.github.io/ASH_Putnam_Lab_Notebook/Next-steps-for-SORMI-assays/
Locating outplants at Baywater,35,10K-seed-Cgigas; OluridaSurvey2014; Paper-geoduck-eelgrass-OA; SHIELD; code,https://ahuffmyer.github.io/ASH_Putnam_Lab_Notebook/Locating-outplants-at-Baywater/
Analysis of Effort D oyster lab survival tests,35,10K-seed-Cgigas; OluridaSurvey2014; Paper-geoduck-eelgrass-OA; SHIELD; code,https://ahuffmyer.github.io/ASH_Putnam_Lab_Notebook/Analysis-of-Effort-D-oyster-lab-survival-tests/
Spawning at Point Whitney 7 October 2024,35,10K-seed-Cgigas; SHIELD; code; lab-package-tracker; marine-stress-data-atlas,https://ahuffmyer.github.io/ASH_Putnam_Lab_Notebook/Spawning-at-Point-Whitney-7-October-2024/
Preparing PolyIC project outplants at Point Whitney,35,10K-seed-Cgigas; OluridaSurvey2014; Paper-geoduck-eelgrass-OA; SHIELD; code,https://ahuffmyer.github.io/ASH_Putnam_Lab_Notebook/Preparing-polyIC-project-outplants-at-Point-Whitney/
Resazurin testing of open and closed oysters,35,10K-seed-Cgigas; OluridaSurvey2014; Paper-geoduck-eelgrass-OA; SHIELD; code,https://ahuffmyer.github.io/ASH_Putnam_Lab_Notebook/Resazurin-Testing-Open-and-Closed-Oysters/
Resazurin Assays - USDA M.gigas Families in Response to 36C and Freshwater Co-stressors,35,10K-seed-Cgigas; OluridaSurvey2014; Paper-geoduck-eelgrass-OA; SHIELD; code,https://robertslab.github.io/sams-notebook/posts/2026/2026-05-05-Resazurin-Assays---USDA-M.gigas-Families-in-Response-to-36C-and-Freshwater-Co-stressors/index.html
Sequim Bay Oyster Spring Assessment,35,10K-seed-Cgigas; OluridaSurvey2014; Paper-geoduck-eelgrass-OA; SHIELD; code,https://ahuffmyer.github.io/ASH_Putnam_Lab_Notebook/Sequim-Bay-Outplants-Size-Analysis/
Goose Point Oyster Summer Year 2 Assessment Analysis,35,10K-seed-Cgigas; OluridaSurvey2014; Paper-geoduck-eelgrass-OA; SHIELD; code,https://ahuffmyer.github.io/ASH_Putnam_Lab_Notebook/Goose-Point-Outplant-Growth-Analysis/
Oxygen measurements for oyster oxgen-resazurin correlations,35,10K-seed-Cgigas; OluridaSurvey2014; Paper-geoduck-eelgrass-OA; SHIELD; code,https://ahuffmyer.github.io/ASH_Putnam_Lab_Notebook/Oxygen-Measurements-for-Oyster-Resazurin-Correlations/
Preparations for over wintering at Point Whitney,35,10K-seed-Cgigas; OluridaSurvey2014; Paper-geoduck-eelgrass-OA; SHIELD; code,https://ahuffmyer.github.io/ASH_Putnam_Lab_Notebook/Preparations-for-winter-at-Point-Whitney/
10K outplant growth analysis,35,10K-seed-Cgigas; OluridaSurvey2014; Paper-geoduck-eelgrass-OA; SHIELD; code,https://ahuffmyer.github.io/ASH_Putnam_Lab_Notebook/10K-growth-analysis/
Resazurin Metabolic Assays Protocol for Steven's VIMS trip,35,10K-seed-Cgigas; OluridaSurvey2014; Paper-geoduck-eelgrass-OA; SHIELD; code,https://ahuffmyer.github.io/ASH_Putnam_Lab_Notebook/Resazurin-Metabolic-Assays-Protocol-for-Steven-VIMS-trip/
Resazurin measurements for oyster oxgen correlations,35,10K-seed-Cgigas; OluridaSurvey2014; Paper-geoduck-eelgrass-OA; SHIELD; code,https://ahuffmyer.github.io/ASH_Putnam_Lab_Notebook/Resazurin-Measurements-for-Oyster-Oxygen-Correlations/
Resazurin family screening with Taylor Shelfish,35,10K-seed-Cgigas; OluridaSurvey2014; Paper-geoduck-eelgrass-OA; SHIELD; code,https://ahuffmyer.github.io/ASH_Putnam_Lab_Notebook/Resazurin-Family-Screening-Taylor-Shellfish/
All Projects To Do List,34,10K-seed-Cgigas; MOPE; OluridaSurvey2014; SHIELD; lab-website,https://ahuffmyer.github.io/posts/2026-01-01-todos.html
Resazurin Overview - Pacific oyster USDA Freshwater Stress Raw Fluorescence,34,10K-seed-Cgigas; OluridaSurvey2014; Paper-geoduck-eelgrass-OA; SHIELD; code,https://robertslab.github.io/sams-notebook/posts/2026/2026-06-06-Resazurin-Overview---Pacific-oyster-USDA-Freshwater-Stress-Raw-Fluorescence/index.html
Sequim Bay Oyster Spring Assessment,34,10K-seed-Cgigas; OluridaSurvey2014; Paper-geoduck-eelgrass-OA; SHIELD; code,https://ahuffmyer.github.io/ASH_Putnam_Lab_Notebook/Sequim-Bay-Spring-Assessments/
DESeq LRT and Functional Enrichment Analysis of Mcap2020 TagSeq Data,34,MOPE; Paper-DNR-Geoduck-Proteomics; Paper-geoduck-eelgrass-OA; SHIELD; duck-genome-viz,https://ahuffmyer.github.io/ASH_Putnam_Lab_Notebook/DESeq-LRT-and-Functional-Enrichment-Analysis-of-Mcap2020-TagSeq-Data/
Sample Homogenization - C.gigas Lifestage Carryover Samples Using TriZol and Bullet Blender,34,10K-seed-Cgigas; OluridaSurvey2014; Paper-geoduck-eelgrass-OA; SHIELD; code,https://robertslab.github.io/sams-notebook/posts/2025/2025-05-12-Sample-Homogenization---C.gigas-Lifestage-Carryover-Samples-Using-TriZol-and-Bullet-Blender/index.html
Resazurin Assays - USDA M.gigas Families in Response to Temperature Stress,34,10K-seed-Cgigas; OluridaSurvey2014; Paper-geoduck-eelgrass-OA; SHIELD; code,https://robertslab.github.io/sams-notebook/posts/2026/2026-06-02-Resazurin-Assays---USDA-M.gigas-Families-in-Response-to-Temperature-Stress/index.html
Tank cleaning and new tanks in FTR,34,10K-seed-Cgigas; OluridaSurvey2014; Paper-geoduck-eelgrass-OA; SHIELD; code,https://ahuffmyer.github.io/ASH_Putnam_Lab_Notebook/Tank-cleaning-and-new-tanks-in-FTR/
Goose Point Oyster Spring Assessment,34,10K-seed-Cgigas; OluridaSurvey2014; Paper-geoduck-eelgrass-OA; SHIELD; code,https://ahuffmyer.github.io/ASH_Putnam_Lab_Notebook/Goose-Point-Oyster-Spring-Assessments/
Outplanting PolyIC project oysters at Sequim Bay,34,10K-seed-Cgigas; OluridaSurvey2014; Paper-geoduck-eelgrass-OA; SHIELD; code,https://ahuffmyer.github.io/ASH_Putnam_Lab_Notebook/Outplanting-polyIC-oysters-at-Sequim-Bay/
September 2025 Goals,34,10K-seed-Cgigas; BBC; MOPE; OluridaSurvey2014; Paper-geoduck-eelgrass-OA,https://ahuffmyer.github.io/ASH_Putnam_Lab_Notebook/September-2025-Goals/
Resazurin Assays - USDA M.gigas Families in Response to Freshwater Stress,34,10K-seed-Cgigas; OluridaSurvey2014; Paper-geoduck-eelgrass-OA; SHIELD; code,https://robertslab.github.io/sams-notebook/posts/2026/2026-06-02-Resazurin-Assays---USDA-M.gigas-Families-in-Response-to-Freshwater-Stress/index.html
Glycogen Assay - Glycogen-Glo Dilution Testing with M.gigas Ctenidia Homogenate,34,10K-seed-Cgigas; OluridaSurvey2014; Paper-geoduck-eelgrass-OA; SHIELD; code,https://robertslab.github.io/sams-notebook/posts/2026/2026-01-12-Glycogen-Assay---Glycogen-Glo-Dilution-Testing-with-M.gigas-Ctenidia-Homogenate/index.html
Resazurin Assays - USDA M.gigas Families in Response to Temperature Stress,34,10K-seed-Cgigas; OluridaSurvey2014; Paper-geoduck-eelgrass-OA; SHIELD; code,https://robertslab.github.io/sams-notebook/posts/2026/2026-06-24-Resazurin-Assays---USDA-M.gigas-Families-in-Response-to-Temperature-Stress/index.html
Resazurin Assays - USDA M.gigas Families in Response to Freshwater Stress,34,10K-seed-Cgigas; OluridaSurvey2014; Paper-geoduck-eelgrass-OA; SHIELD; code,https://robertslab.github.io/sams-notebook/posts/2026/2026-05-11-Resazurin-Assays---USDA-M.gigas-Families-in-Response-to-Freshwater-Stress/index.html
Tissue Collection and Homogenization - M.gigas Ctenidia for Glycogen-Glo Assay,34,10K-seed-Cgigas; OluridaSurvey2014; Paper-geoduck-eelgrass-OA; SHIELD; code,https://robertslab.github.io/sams-notebook/posts/2025/2025-12-10-Tissue-Collection-and-Homogenization---M.gigas-Ctenidia-for-Glycogen-Glo-Assay/index.html
Homogenization - C.gigas Juvenile Whole Body from polyIC Temp and Mech Stress,34,10K-seed-Cgigas; OluridaSurvey2014; Paper-geoduck-eelgrass-OA; SHIELD; code,https://robertslab.github.io/sams-notebook/posts/2025/2025-08-20-Homogenization---C.gigas-Juvenile-Whole-Body-from-polyIC-Temp-and-Mech-Stress/index.html
Resazurin Assays - USDA M.gigas Families in Response to Temperature Stress,34,10K-seed-Cgigas; OluridaSurvey2014; Paper-geoduck-eelgrass-OA; SHIELD; code,https://robertslab.github.io/sams-notebook/posts/2026/2026-06-04-Resazurin-Assays---USDA-M.gigas-Families-in-Response-to-Temperature-Stress/index.html
Resazurin Assays - USDA M.gigas Families in Response to Temperature Stress,34,10K-seed-Cgigas; OluridaSurvey2014; Paper-geoduck-eelgrass-OA; SHIELD; code,https://robertslab.github.io/sams-notebook/posts/2026/2026-04-15-Resazurin-Assays---USDA-M.gigas-Families-in-Response-to-Temperature-Stress/index.html
Analysis of Efforts BDE oyster lab survival tests,34,10K-seed-Cgigas; OluridaSurvey2014; Paper-geoduck-eelgrass-OA; SHIELD; code,https://ahuffmyer.github.io/ASH_Putnam_Lab_Notebook/Analysis-of-Efforts-oyster-lab-survival-tests/
Alignment of Montipora capitata larval thermal tolerance 2023 project on Unity with STAR,34,MOPE; Paper-DNR-Geoduck-Proteomics; Paper-geoduck-eelgrass-OA; SHIELD; duck-genome-viz,https://ahuffmyer.github.io/ASH_Putnam_Lab_Notebook/Reanalyze-Hawaii-2023-RNAseq-on-Unity/
Baywater 10K Seed Outplant Survival,34,10K-seed-Cgigas; OluridaSurvey2014; Paper-geoduck-eelgrass-OA; SHIELD; code,https://ahuffmyer.github.io/ASH_Putnam_Lab_Notebook/Baywater-10K-Seed-Outplant-Survival/
Resazurin trials on gill tissue,34,10K-seed-Cgigas; OluridaSurvey2014; Paper-geoduck-eelgrass-OA; SHIELD; code,https://ahuffmyer.github.io/ASH_Putnam_Lab_Notebook/Resazurin-trials-of-gill-tissue/
Analysis of Goose Point growth data Part 1,34,10K-seed-Cgigas; OluridaSurvey2014; Paper-geoduck-eelgrass-OA; SHIELD; code,https://ahuffmyer.github.io/ASH_Putnam_Lab_Notebook/Analysis-of-Goose-Point-Growth-Data-Part-1/
Resazurin Overview - Pacific Oyster USDA Heat Stress Raw Fluorescence,34,10K-seed-Cgigas; OluridaSurvey2014; Paper-geoduck-eelgrass-OA; SHIELD; code,https://robertslab.github.io/sams-notebook/posts/2026/2026-06-08-Resazurin-Overview---Pacific-Oyster-USDA-Heat-Stress-Raw-Fluorescence/index.html
Resazurin Assays - USDA M.gigas Families in Response to Freshwater Stress,34,10K-seed-Cgigas; OluridaSurvey2014; Paper-geoduck-eelgrass-OA; SHIELD; code,https://robertslab.github.io/sams-notebook/posts/2026/2026-04-29-Resazurin-Assays---USDA-M.gigas-Families-in-Response-to-Freshwater-Stress/index.html
Resazurin Assays - USDA M.gigas Families in Response to Freshwater Stress,34,10K-seed-Cgigas; OluridaSurvey2014; Paper-geoduck-eelgrass-OA; SHIELD; code,https://robertslab.github.io/sams-notebook/posts/2026/2026-05-05-Resazurin-Assays---USDA-M.gigas-Families-in-Response-to-Freshwater-Stress/index.html
All Projects To Do List,34,10K-seed-Cgigas; MOPE; OluridaSurvey2014; SHIELD; lab-website,https://ahuffmyer.github.io/ASH_Putnam_Lab_Notebook/All-projects-to-do-list/
Goose Point Growth Analysis for December Oyster Data,33,10K-seed-Cgigas; OluridaSurvey2014; Paper-geoduck-eelgrass-OA; SHIELD; code,https://ahuffmyer.github.io/ASH_Putnam_Lab_Notebook/Goose-Point-Growth-Analysis-for-December-Oyster-Data/
Westcott Oyster Final Assessment Dec 2025,33,10K-seed-Cgigas; OluridaSurvey2014; Paper-geoduck-eelgrass-OA; SHIELD; code,https://ahuffmyer.github.io/ASH_Putnam_Lab_Notebook/Westcott-Oyster-Final-Assessment-Dec-2025/
qPCRs - C.gigas Lifestage Carryover DNMT1 GAPDH HSP70 and HSP90,33,10K-seed-Cgigas; OluridaSurvey2014; Paper-geoduck-eelgrass-OA; SHIELD; code,https://robertslab.github.io/sams-notebook/posts/2025/2025-06-09-qPCRs---C.gigas-Lifestage-Carryover-DNMT1-GAPDH-HSP70-and-HSP90/index.html
August 2025 Goals,33,10K-seed-Cgigas; BBC; MOPE; OluridaSurvey2014; Paper-geoduck-eelgrass-OA,https://ahuffmyer.github.io/ASH_Putnam_Lab_Notebook/August-2025-Goals/
ASCA Analysis of Temperature and Parent Effects on Gene Expression,33,MOPE; OluridaSurvey2014; Paper-geoduck-eelgrass-OA; SHIELD; lab-website,https://ahuffmyer.github.io/ASH_Putnam_Lab_Notebook/ASCA-RNAseq-Analysis-Temperature-Parent-Effects/
Westcott Oyster Spring Assessment,33,10K-seed-Cgigas; OluridaSurvey2014; Paper-geoduck-eelgrass-OA; SHIELD; code,https://ahuffmyer.github.io/ASH_Putnam_Lab_Notebook/Westcott-Oyster-Spring-Assessments/
Analysis of Variance Simultaneous Component Analyses ASCA for CEABIGR project,33,EpiDiverse-snp; MOPE; Paper-geoduck-eelgrass-OA; Paper-oly-adult-oa; journal-selector-woa,https://ahuffmyer.github.io/ASH_Putnam_Lab_Notebook/Analysis-of-Variance-Simultaneous-Component-Analyses-ASCA-for-CEABIGR-project/
Writing Project Status,32,10K-seed-Cgigas; MOPE; SHIELD; lab-website; manchester-hardening,https://ahuffmyer.github.io/posts/2026-01-01-writing.html
Analysis of DNA sequences for species identification in the Moorea 2023 project,32,MOPE; OluridaSurvey2014; Paper-geoduck-eelgrass-OA; SHIELD; lab-website,https://ahuffmyer.github.io/ASH_Putnam_Lab_Notebook/Analysis-of-DNA-sequences-for-species-identification-in-the-Moorea-2023-project/
DNA Alignments - Pacific cod Heatwave Genetics Samples Using BWA on Raven,32,MOPE; OluridaSurvey2014; Paper-DNR-Geoduck-Proteomics; Paper-geoduck-eelgrass-OA; SHIELD,https://robertslab.github.io/sams-notebook/posts/2025/2025-07-11-DNA-Alignments---Pacific-cod-Heatwave-Genetics-Samples-Using-BWA-on-Raven/index.html
Writing updates,32,10K-seed-Cgigas; MOPE; SHIELD; lab-website; manchester-hardening,https://ahuffmyer.github.io/ASH_Putnam_Lab_Notebook/Writing-updates/
May 2024 Goals,32,MOPE; OluridaSurvey2014; SHIELD; lab-website; manchester-hardening,https://ahuffmyer.github.io/ASH_Putnam_Lab_Notebook/May-2024-Goals/
Sanger Sequencing Training,31,OluridaSurvey2014; Paper-DNR-Geoduck-Proteomics; Paper-geoduck-eelgrass-OA; SHIELD; duck-genome-viz,https://ahuffmyer.github.io/ASH_Putnam_Lab_Notebook/Sanger-Sequencing-Training/
May Goals and Daily Entries,31,10K-seed-Cgigas; MOPE; OluridaSurvey2014; SHIELD; lab-website,https://ahuffmyer.github.io/posts/2026-05-01-goals.html
June Goals and Daily Entries,31,10K-seed-Cgigas; MOPE; OluridaSurvey2014; SHIELD; lab-website,https://ahuffmyer.github.io/posts/2026-06-01-goals.html
Heat Stress Survivorship - M.gigas USDA Families Heat Stressed at 33C,30,10K-seed-Cgigas; OluridaSurvey2014; SHIELD; code; lab-package-tracker,https://robertslab.github.io/sams-notebook/posts/2026/2026-04-27-Heat-Stress-Survivorship---M.gigas-USDA-Families-Heat-Stressed-at-33C/index.html
Analyzing Manchester project stress test survival data,30,10K-seed-Cgigas; OluridaSurvey2014; SHIELD; code; lab-package-tracker,https://ahuffmyer.github.io/posts/2026-06-03-analyzing-manchester-stress-survival.html
Field day at Point Whitney June 19 2024,30,OluridaSurvey2014; Paper-geoduck-eelgrass-OA; Paper-oly-adult-temp-food; SHIELD; mock-farm-dashboard,https://ahuffmyer.github.io/ASH_Putnam_Lab_Notebook/Point-Whitney-Field-Day-June-19-2024/
Baywater Outplant Assessments and Deployments 20 August 2025,30,10K-seed-Cgigas; OluridaSurvey2014; SHIELD; code; lab-package-tracker,https://ahuffmyer.github.io/ASH_Putnam_Lab_Notebook/Baywater-Outplant-Asssessments-20-August-2025/
Hatchery Day at Point Whitney to Check Lifestage Carryover Project,30,10K-seed-Cgigas; OluridaSurvey2014; Paper-oly-adult-temp-food; SHIELD; code,https://ahuffmyer.github.io/ASH_Putnam_Lab_Notebook/Hatchery-Day-Checking-Lifestage-Carryover-Project/
SRA Submission - R.philippinarum Egg RNA-seq Data,29,Paper-geoduck-eelgrass-OA; Paper-oly-adult-oa; journal-selector-woa; marine-stress-data-atlas; mock-farm-dashboard,https://robertslab.github.io/sams-notebook/posts/2025/2025-07-07-SRA-Submission---R.philippinarum-Egg-RNA-seq-Data/index.html
Demultiplexing - S.namaychush PacBio Sequencing Using Lima,29,EpiDiverse-snp; MOPE; hackweek-2019; lab-connector; marine-stress-data-atlas,https://robertslab.github.io/sams-notebook/posts/2025/2025-10-23-Demultiplexing---S.namaychush-PacBio-Sequencing-Using-Lima/index.html
E5 Deep Dive RNAseq Count Matrix Analysis,29,MOPE; Paper-DNR-Geoduck-Proteomics; Paper-geoduck-eelgrass-OA; duck-genome-viz; hackweek-2019,https://ahuffmyer.github.io/ASH_Putnam_Lab_Notebook/E5-Deep-Dive-RNAseq-Count-Matrix-Analysis/
Bisulfite Genome - A.pulchra BS Genome Using Bismark,29,EpiDiverse-snp; MOPE; Paper-DNR-Geoduck-Proteomics; Paper-geoduck-eelgrass-OA; duck-genome-viz,https://robertslab.github.io/sams-notebook/posts/2025/2025-01-02-Bisulfite-Genome---A.pulchra-BS-Genome-Using-Bismark/index.html
Analyzing TagSeq data with new annotation,29,MOPE; Paper-DNR-Geoduck-Proteomics; Paper-geoduck-eelgrass-OA; SHIELD; duck-genome-viz,https://ahuffmyer.github.io/ASH_Putnam_Lab_Notebook/Analyzing-TagSeq-data-with-new-annotation/
ASCA Analysis of Temperature and Parent Effects on Lipid Profiles,29,OluridaSurvey2014; Paper-geoduck-eelgrass-OA; SHIELD; lab-website; marine-stress-data-atlas,https://ahuffmyer.github.io/ASH_Putnam_Lab_Notebook/ASCA-Lipids-Analysis-Temperature-Parent-Effects/
Mcapitata Larval Temperature Experiment Data Analysis,29,MOPE; OluridaSurvey2014; Paper-geoduck-eelgrass-OA; SHIELD; lab-website,https://ahuffmyer.github.io/ASH_Putnam_Lab_Notebook/Mcapitata-Larval-Temperature-Experiment-Data-Analysis/
Field day at Point Whitney June 28 2024,29,OluridaSurvey2014; Paper-geoduck-eelgrass-OA; Paper-oly-adult-temp-food; SHIELD; lab-package-tracker,https://ahuffmyer.github.io/ASH_Putnam_Lab_Notebook/Point-Whitney-Field-Day-June-28-2024/
COTS Project Bioinformatic Analysis,29,MOPE; Paper-DNR-Geoduck-Proteomics; Paper-geoduck-eelgrass-OA; duck-genome-viz; hackweek-2019,https://ahuffmyer.github.io/ASH_Putnam_Lab_Notebook/COTS-Project-Bioinformatics-Analysis/
July 2024 Goals,29,10K-seed-Cgigas; MOPE; OluridaSurvey2014; Paper-geoduck-eelgrass-OA; SHIELD,https://ahuffmyer.github.io/ASH_Putnam_Lab_Notebook/July-2024-Goals/
Testing resazurin readings on FLx800 instrument,28,10K-seed-Cgigas; SHIELD; code; lab-package-tracker; marine-stress-data-atlas,https://ahuffmyer.github.io/ASH_Putnam_Lab_Notebook/Testing-resazurin-readings-on-FLx800-instrument/
Hatchery field day at Point Whitney May 22 2024,28,10K-seed-Cgigas; OluridaSurvey2014; Paper-geoduck-eelgrass-OA; Paper-oly-adult-temp-food; SHIELD,https://ahuffmyer.github.io/ASH_Putnam_Lab_Notebook/Hatchery-field-day-at-Point-Whitney-May-22-2024/
Moorea 2022 Coral Spawning and Field Expedition Daily Entry,28,MOPE; OluridaSurvey2014; Paper-geoduck-eelgrass-OA; Paper-oly-adult-temp-food; SHIELD,https://ahuffmyer.github.io/ASH_Putnam_Lab_Notebook/Moorea-2022-Coral-Spawning-and-Field-Expedition-Daily-Entry/
Hawaii 2023 Coral Spawning and Field Expedition Daily Entry,28,MOPE; OluridaSurvey2014; Paper-geoduck-eelgrass-OA; SHIELD; lab-inventory,https://ahuffmyer.github.io/ASH_Putnam_Lab_Notebook/Hawaii-2023-Coral-Spawning-and-Field-Expedition-Daily-Entry/
VIMS Resazurin Trials Day 4,28,10K-seed-Cgigas; OluridaSurvey2014; Paper-geoduck-eelgrass-OA; SHIELD; manchester-hardening,https://ahuffmyer.github.io/ASH_Putnam_Lab_Notebook/VIMS-Resazurin-Trials-Day-4/
Resazurin family screening with Taylor Shelfish with mean family size normalization,28,10K-seed-Cgigas; SHIELD; code; lab-package-tracker; marine-stress-data-atlas,https://ahuffmyer.github.io/ASH_Putnam_Lab_Notebook/Resazurin-Family-Screening-Taylor-Shellfish-with-mean-size-normalization/
Preliminary lipidomic and metabolomics analysis of Hawaii 2023 larval data,28,MOPE; OluridaSurvey2014; Paper-geoduck-eelgrass-OA; SHIELD; lab-website,https://ahuffmyer.github.io/ASH_Putnam_Lab_Notebook/Preliminary-lipidomic-and-metabolomics-analysis-of-Hawaii-2023-larval-data/
May 2025 Goals,28,10K-seed-Cgigas; MOPE; OluridaSurvey2014; Paper-geoduck-eelgrass-OA; SHIELD,https://ahuffmyer.github.io/ASH_Putnam_Lab_Notebook/May-2025-Goals/
July 2025 Goals,27,10K-seed-Cgigas; MOPE; OluridaSurvey2014; SHIELD; lab-website,https://ahuffmyer.github.io/ASH_Putnam_Lab_Notebook/July-2025-Goals/
Resazurin family screening with Taylor Shelfish with individual size normalization,27,10K-seed-Cgigas; SHIELD; code; lab-package-tracker; marine-stress-data-atlas,https://ahuffmyer.github.io/ASH_Putnam_Lab_Notebook/Resazurin-Family-Screening-Taylor-Shellfish-with-individual-size-normalization/
Mcapitata Spawning and Fertilization June 2021,27,OluridaSurvey2014; Paper-geoduck-eelgrass-OA; SHIELD; lab-website; marine-stress-data-atlas,https://ahuffmyer.github.io/ASH_Putnam_Lab_Notebook/Mcapitata-Spawning-and-Fertilization-June-2021/
Process to apply for US CITES export permit,27,OluridaSurvey2014; Paper-geoduck-eelgrass-OA; SHIELD; lab-website; manchester-hardening,https://ahuffmyer.github.io/ASH_Putnam_Lab_Notebook/Process-to-apply-for-US-CITES-export-permit/
March 2024 Goals,27,SHIELD; lab-inventory; lab-website; marine-stress-data-atlas; paper-gigas-early-gametogenic-exposure,https://ahuffmyer.github.io/ASH_Putnam_Lab_Notebook/March-2024-Goals/
Montipora capitata 2021 larval temperature experiment sample processing,27,MOPE; OluridaSurvey2014; Paper-geoduck-eelgrass-OA; SHIELD; lab-website,https://ahuffmyer.github.io/ASH_Putnam_Lab_Notebook/Montipora-capitata-2021-larval-temperature-experiment-sample-processing/
Resazurin EBV correlations for Taylor Shellfish screening,27,10K-seed-Cgigas; SHIELD; code; lab-package-tracker; marine-stress-data-atlas,https://ahuffmyer.github.io/ASH_Putnam_Lab_Notebook/Resazurin-EBV-correlations-Taylor-Shellfish/
Raw sequence downloads and NCBI SRA uploads for M. capitata larval thermal tolerance project,27,OluridaSurvey2014; Paper-geoduck-eelgrass-OA; SHIELD; lab-website; manchester-hardening,https://ahuffmyer.github.io/ASH_Putnam_Lab_Notebook/Mcapitata-Larval-Thermal-Tolerance-Project-NCBI-upload/
Comparing TagSeq between genome assembly V1 and V2,27,MOPE; Paper-DNR-Geoduck-Proteomics; Paper-geoduck-eelgrass-OA; duck-genome-viz; hackweek-2019,https://ahuffmyer.github.io/ASH_Putnam_Lab_Notebook/Comparing-TagSeq-between-genome-assembly-V1-and-V2/
Raw sequence downloads and NCBI SRA uploads for M. capitata larval thermal tolerance project top off sequencing second upload,27,OluridaSurvey2014; Paper-geoduck-eelgrass-OA; SHIELD; lab-website; manchester-hardening,https://ahuffmyer.github.io/ASH_Putnam_Lab_Notebook/Mcapitata-Larval-Thermal-Tolerance-Project-Topoff-Sequencing_NCBI-upload-2/
Heat Stress Survivorship - USDA M.gigas Families in Heat Stressed at 36C,27,10K-seed-Cgigas; OluridaSurvey2014; SHIELD; code; lab-package-tracker,https://robertslab.github.io/sams-notebook/posts/2026/2026-06-09-Heat-Stress-Survivorship---USDA-M.gigas-Families-in-Heat-Stressed-at-36C/index.html
Point Whitney field day to start individual growth experiment and plan for new seed exposure work,27,10K-seed-Cgigas; OluridaSurvey2014; Paper-geoduck-eelgrass-OA; SHIELD; lab-package-tracker,https://ahuffmyer.github.io/ASH_Putnam_Lab_Notebook/Oyster-Individual-Growth-and-New-Seed-Exposures/
Oyster oxygen-resazurin correlations Round 2,27,10K-seed-Cgigas; SHIELD; code; lab-package-tracker; marine-stress-data-atlas,https://ahuffmyer.github.io/ASH_Putnam_Lab_Notebook/Oyster-Oxygen-Resazurin-Correlations-Round-2/
Genome Assembly - S.namaycush Siscowet Ecotype with PacBio HiFi Reads Using Flye,27,Paper-DNR-Geoduck-Proteomics; Paper-geoduck-eelgrass-OA; code; duck-genome-viz; hackweek-2019,https://robertslab.github.io/sams-notebook/posts/2026/2026-03-26-Genome-Assembly---S.namaycush-Siscowet-Ecotype-with-PacBio-HiFi-Reads-Using-Flye/index.html
Analyzing Acropora larval metabolism experiment respirometry data,27,MOPE; OluridaSurvey2014; Paper-geoduck-eelgrass-OA; SHIELD; lab-website,https://ahuffmyer.github.io/ASH_Putnam_Lab_Notebook/Analyzing-Acropora-larval-metabolism-experiment-respirometry-data/
F1F2 project data analysis Hawaii 2023,27,OluridaSurvey2014; Paper-geoduck-eelgrass-OA; SHIELD; lab-package-tracker; lab-website,https://ahuffmyer.github.io/ASH_Putnam_Lab_Notebook/F1F2-project-data-analysis-Hawaii-2023/
Genome Assembly - S.namaycush Lean Ecotype with PacBio HiFi Reads Using Flye,27,Paper-DNR-Geoduck-Proteomics; Paper-geoduck-eelgrass-OA; code; duck-genome-viz; hackweek-2019,https://robertslab.github.io/sams-notebook/posts/2026/2026-03-26-Genome-Assembly---S.namaycush-Lean-Ecotype-with-PacBio-HiFi-Reads-Using-Flye/index.html
Genome Assembly - S.namaycush Lean Ecotype with PacBio HiFi Reads Using hifiasm on Hyak,26,Paper-DNR-Geoduck-Proteomics; Paper-geoduck-eelgrass-OA; code; duck-genome-viz; hackweek-2019,https://robertslab.github.io/sams-notebook/posts/2026/2026-03-31-Genome-Assembly---S.namaycush-Lean-Ecotype-with-PacBio-HiFi-Reads-Using-hifiasm-on-Hyak/index.html
Outplanting final PolyIC seed at Baywater,26,10K-seed-Cgigas; SHIELD; code; lab-package-tracker; marine-stress-data-atlas,https://ahuffmyer.github.io/ASH_Putnam_Lab_Notebook/Outplanting-final-PolyIC-seed-at-Baywater/
Pocillopora acuta Symbiont Integration Moorea December 2021,26,MOPE; OluridaSurvey2014; Paper-geoduck-eelgrass-OA; SHIELD; lab-website,https://ahuffmyer.github.io/ASH_Putnam_Lab_Notebook/Pocillopora-acuta-Symbiont-Integration-Moorea-December-2021/
Genome Assembly - S.namaycush Siscowet Ecotype with PacBio HiFi Reads Using hifiasm on Hyak,26,Paper-DNR-Geoduck-Proteomics; Paper-geoduck-eelgrass-OA; code; duck-genome-viz; hackweek-2019,https://robertslab.github.io/sams-notebook/posts/2026/2026-03-31-Genome-Assembly---S.namaycush-Siscowet-Ecotype-with-PacBio-HiFi-Reads-Using-hifiasm-on-Hyak/index.html
Reverse Transcription - C.gigas Lifestage Carryover RNA,26,10K-seed-Cgigas; SHIELD; code; lab-package-tracker; marine-stress-data-atlas,https://robertslab.github.io/sams-notebook/posts/2025/2025-05-16-Reverse-Transcription---C.gigas-Lifestage-Carryover-RNA/index.html
March 2025 Goals,26,10K-seed-Cgigas; MOPE; SHIELD; lab-website; manchester-hardening,https://ahuffmyer.github.io/ASH_Putnam_Lab_Notebook/March-2025-Goals/
Mcapitata Culture Maintenance June 2021,26,OluridaSurvey2014; Paper-geoduck-eelgrass-OA; SHIELD; lab-website; marine-stress-data-atlas,https://ahuffmyer.github.io/ASH_Putnam_Lab_Notebook/Mcapitata-Culture-Maintenance-June-2021/
Reverse Transcription - C.gigas PolyIC Mechanical Trials RNA for Valentina from 20251002,26,10K-seed-Cgigas; SHIELD; code; lab-package-tracker; marine-stress-data-atlas,https://robertslab.github.io/sams-notebook/posts/2025/2025-10-19-Reverse-Transcription---C.gigas-PolyIC-Mechanical-Trials-RNA-for-Valentina-from-20251002/index.html
Alignment and assembly of RNAseq reads for Montipora capitata larval thermal tolerance 2023 project,26,MOPE; SHIELD; hackweek-2019; lab-connector; lab-website,https://ahuffmyer.github.io/ASH_Putnam_Lab_Notebook/RNAseq-Alignment-and-Assembly-for-Mcapitata-Larval-Thermal-Tolerance-Project/
Larval sampling at Point Whitney 21 October,26,10K-seed-Cgigas; SHIELD; code; lab-package-tracker; marine-stress-data-atlas,https://ahuffmyer.github.io/ASH_Putnam_Lab_Notebook/Larval-sampling-at-Point-Whitney-21-October/
Mcap 2021 Stable Isotope Metabolomics Analysis,26,MOPE; OluridaSurvey2014; Paper-geoduck-eelgrass-OA; SHIELD; lab-website,https://ahuffmyer.github.io/ASH_Putnam_Lab_Notebook/Mcap-2021-Stable-Isotope-Metabolomics-Analysis/
Larval sampling at Point Whitney 15 October,26,10K-seed-Cgigas; SHIELD; code; lab-package-tracker; marine-stress-data-atlas,https://ahuffmyer.github.io/ASH_Putnam_Lab_Notebook/Larval-sampling-at-Point-Whitney-15-October/
qPCRs - C.gigas Lifestage Carryover ATP_synthase cGAS citrate_synthase and VIPERIN,25,10K-seed-Cgigas; SHIELD; code; lab-package-tracker; marine-stress-data-atlas,https://robertslab.github.io/sams-notebook/posts/2025/2025-06-03-qPCRs---C.gigas-Lifestage-Carryover-ATP_synthase-cGAS-citrate_synthase-and-VIPERIN/index.html
Finishing growth analysis for the lifestage carry over project,25,10K-seed-Cgigas; SHIELD; code; lab-package-tracker; marine-stress-data-atlas,https://ahuffmyer.github.io/ASH_Putnam_Lab_Notebook/Finishing-growth-analysis-for-lifestage-carryover-project/
Genome Assembly - C.rogercresseyi Hembra with PacBio HiFi Reads Using hifiasm on Hyak,25,Paper-DNR-Geoduck-Proteomics; Paper-geoduck-eelgrass-OA; code; duck-genome-viz; hackweek-2019,https://robertslab.github.io/sams-notebook/posts/2026/2026-05-19-Genome-Assembly---C.rogercresseyi-Hembra-with-PacBio-HiFi-Reads-Using-hifiasm-on-Hyak/index.html
RNA Isolation and Quantification - C.gigas PolyIC Mechanical Trials for Valentina Using Quick-DNA RNA MiniPrep Plus Kit,25,10K-seed-Cgigas; SHIELD; code; lab-package-tracker; marine-stress-data-atlas,https://robertslab.github.io/sams-notebook/posts/2025/2025-08-04-RNA-Isolation-and-Quantification---C.gigas-PolyIC-Mechanical-Trials-for-Valentina-Using-Quick-DNA-RNA-MiniPrep-Plus-Kit/index.html
Genome Assembly - C.rogercresseyi Macho with PacBio HiFi Reads Using hifiasm on Hyak,25,Paper-DNR-Geoduck-Proteomics; Paper-geoduck-eelgrass-OA; code; duck-genome-viz; hackweek-2019,https://robertslab.github.io/sams-notebook/posts/2026/2026-05-19-Genome-Assembly---C.rogercresseyi-Macho-with-PacBio-HiFi-Reads-Using-hifiasm-on-Hyak/index.html
Bismark Alignments - A.pulchra Trimmed Reads Using Bismark on Hyak,25,EpiDiverse-snp; Paper-DNR-Geoduck-Proteomics; Paper-geoduck-eelgrass-OA; code; duck-genome-viz,https://robertslab.github.io/sams-notebook/posts/2025/2025-01-02-Bismark-Alignments---A.pulchra-Trimmed-Reads-Using-Bismark-on-Hyak/index.html
Field day at Point Whitney July 10 2024,25,10K-seed-Cgigas; OluridaSurvey2014; Paper-geoduck-eelgrass-OA; SHIELD; mock-farm-dashboard,https://ahuffmyer.github.io/ASH_Putnam_Lab_Notebook/Point-Whitney-Field-Day-July-10-2024/
Mcapitata Larval Rearing and Settlement July 2020,25,OluridaSurvey2014; Paper-geoduck-eelgrass-OA; SHIELD; lab-website; marine-stress-data-atlas,https://ahuffmyer.github.io/ASH_Putnam_Lab_Notebook/Mcapitata-Larval-Rearing-and-Settlement-July-2020/
Ahyacinthus Early Life History Respirometry,25,OluridaSurvey2014; Paper-geoduck-eelgrass-OA; SHIELD; lab-website; marine-stress-data-atlas,https://ahuffmyer.github.io/ASH_Putnam_Lab_Notebook/Ahyacinthus-Early-Life-History-Respirometry/
Analyzing Environmental Data - Acropora larval metabolism 2022,25,OluridaSurvey2014; Paper-geoduck-eelgrass-OA; Paper-oly-adult-temp-food; SHIELD; lab-website,https://ahuffmyer.github.io/ASH_Putnam_Lab_Notebook/Analyzing-Environmental-Data-Acropora-larval-metabolism-2022/
Oyster Size Analysis Protocol - Written by Noah Krebs,25,10K-seed-Cgigas; SHIELD; code; lab-package-tracker; marine-stress-data-atlas,https://ahuffmyer.github.io/ASH_Putnam_Lab_Notebook/Oyster-Size-Analysis-Protocol---Written-by-Noah-Krebs/
SDR Microplate Respirometry Protocol,25,OluridaSurvey2014; Paper-geoduck-eelgrass-OA; SHIELD; lab-connector; lab-website,https://ahuffmyer.github.io/ASH_Putnam_Lab_Notebook/SDR-Microplate-Respirometry-Protocol/
RNA Quantification - C.gigas Lifestage Carryover RNA Samples Using Qubit High Sensitivity RNA Assay,25,10K-seed-Cgigas; SHIELD; code; lab-package-tracker; marine-stress-data-atlas,https://robertslab.github.io/sams-notebook/posts/2025/2025-05-13-RNA-Quantification---C.gigas-Lifestage-Carryover-RNA-Samples-Using-Qubit-High-Sensitivity-RNA-Assay/index.html
Data Received - Sea Lice PacBio Genome Sequencing,25,MOPE; Paper-DNR-Geoduck-Proteomics; Paper-geoduck-eelgrass-OA; duck-genome-viz; hackweek-2019,https://robertslab.github.io/sams-notebook/posts/2026/2026-05-07-Data-Received---Sea-Lice-PacBio-Genome-Sequencing/index.html
June 2025 Goals,25,10K-seed-Cgigas; MOPE; OluridaSurvey2014; SHIELD; lab-website,https://ahuffmyer.github.io/ASH_Putnam_Lab_Notebook/June-2025-Goals/
Mcapitata Sampling and Data Collection June 2021,25,MOPE; OluridaSurvey2014; Paper-geoduck-eelgrass-OA; SHIELD; lab-website,https://ahuffmyer.github.io/ASH_Putnam_Lab_Notebook/Mcapitata-Sampling-and-Data-Collection-June-2021/
E5 timeseries project multiomic WGCNA Part 1,25,EpiDiverse-snp; MOPE; lab-website; marine-stress-data-atlas; paper-gigas-metaanalysis,https://ahuffmyer.github.io/ASH_Putnam_Lab_Notebook/E5-timeseries-multiomic-WGCNA-Part-1/
RNA Isolation - C.gigas Lifestage Carryover Samples Using Direct-zol RNA MiniPrep Plus Kit,25,10K-seed-Cgigas; SHIELD; code; lab-package-tracker; marine-stress-data-atlas,https://robertslab.github.io/sams-notebook/posts/2025/2025-05-12-RNA-Isolation---C.gigas-Lifestage-Carryover-Samples-Using-Direct-zol-RNA-MiniPrep-Plus-Kit/index.html
RNA Isolation - C.gigas Lifestage Carryover Samples Using Direct-zol RNA MiniPrep Plus Kit,25,10K-seed-Cgigas; SHIELD; code; lab-package-tracker; marine-stress-data-atlas,https://robertslab.github.io/sams-notebook/posts/2025/2025-05-13-RNA-Isolation---C.gigas-Lifestage-Carryover-Samples-Using-Direct-zol-RNA-MiniPrep-Plus-Kit/index.html
Stable Isotope Metabolomics Larval Protocol,25,MOPE; OluridaSurvey2014; Paper-geoduck-eelgrass-OA; SHIELD; lab-website,https://ahuffmyer.github.io/ASH_Putnam_Lab_Notebook/Stable-Isotope-Metabolomics-Larval-Protocol/
Carbohydrates Protocol,24,OluridaSurvey2014; Paper-geoduck-eelgrass-OA; SHIELD; lab-website; marine-stress-data-atlas,https://ahuffmyer.github.io/ASH_Putnam_Lab_Notebook/Carbohydrates-Protocol/
January Goals and Daily Entries,24,MOPE; OluridaSurvey2014; ftr-tanks; lab-website; manchester-hardening,https://ahuffmyer.github.io/posts/2026-01-01-goals.html
Larval Settlement Mcapitata June 2021,24,OluridaSurvey2014; Paper-geoduck-eelgrass-OA; SHIELD; lab-website; marine-stress-data-atlas,https://ahuffmyer.github.io/ASH_Putnam_Lab_Notebook/Larval-Settlement-Mcapitata-June-2021/
Field day at Point Whitney Preparing Outplants June 24 2024,24,OluridaSurvey2014; Paper-geoduck-eelgrass-OA; SHIELD; mock-farm-dashboard; paper-gigas-early-gametogenic-exposure,https://ahuffmyer.github.io/ASH_Putnam_Lab_Notebook/Point-Whitney-Preparing-Outplants-June-24-2024/
Isotope Time Series Data Collection June 2021,24,OluridaSurvey2014; Paper-geoduck-eelgrass-OA; SHIELD; lab-website; marine-stress-data-atlas,https://ahuffmyer.github.io/ASH_Putnam_Lab_Notebook/Isotope-Time-Series-Data-Collection-June-2021/
Mcapitata Early Life History Respirometry Protocol,24,OluridaSurvey2014; Paper-geoduck-eelgrass-OA; SHIELD; lab-website; marine-stress-data-atlas,https://ahuffmyer.github.io/ASH_Putnam_Lab_Notebook/Mcapitata-Early-Life-History-Respirometry-Protocol/
Differential Expression - R.philippinarum miRNAs Using DEseq2,24,MOPE; Paper-geoduck-eelgrass-OA; Paper-oly-adult-oa; journal-selector-woa; marine-stress-data-atlas,https://robertslab.github.io/sams-notebook/posts/2025/2025-01-31-Differential-Expression---R.philippinarum-miRNAs-Using-DEseq2/index.html
Hatchery field day at Point Whitney May 29 2024,24,10K-seed-Cgigas; OluridaSurvey2014; Paper-geoduck-eelgrass-OA; SHIELD; lab-package-tracker,https://ahuffmyer.github.io/ASH_Putnam_Lab_Notebook/Hatchery-field-day-at-Point-Whitney-May-29-2024/
December 2025 Goals,24,MOPE; lab-website; marine-stress-data-atlas; mock-farm-dashboard; paper-tanner-crab,https://ahuffmyer.github.io/ASH_Putnam_Lab_Notebook/December-2025-Goals/
Download and QC of Moorea 2023 RNAseq files with NCBI upload,24,SHIELD; code; hyak_mox; lab-website; manchester-hardening,https://ahuffmyer.github.io/ASH_Putnam_Lab_Notebook/Downloading-Moorea-2023-RNAseq-files-from-Genohub/
Mcapitata Respiration and Photosynthesis Early Life History July 2020,24,OluridaSurvey2014; Paper-geoduck-eelgrass-OA; SHIELD; lab-website; marine-stress-data-atlas,https://ahuffmyer.github.io/ASH_Putnam_Lab_Notebook/Mcapitata-Respiration-and-Photosynthesis-Early-Life-History-July-2020/
Pocillopora Larval Collection June 2021,24,OluridaSurvey2014; Paper-geoduck-eelgrass-OA; SHIELD; lab-website; marine-stress-data-atlas,https://ahuffmyer.github.io/ASH_Putnam_Lab_Notebook/Pocillopora-Larval-Collection-June-2021/
VIMS Ploidy Resazurin Trials,24,OluridaSurvey2014; Paper-geoduck-eelgrass-OA; SHIELD; mock-farm-dashboard; oyster-ploidy-hardening,https://ahuffmyer.github.io/ASH_Putnam_Lab_Notebook/VIMS-Ploidy-Resazurin-Trials/
Coral RNA Extraction Protocol for 2023 Moorea Project,24,OluridaSurvey2014; Paper-geoduck-eelgrass-OA; SHIELD; lab-website; marine-stress-data-atlas,https://ahuffmyer.github.io/ASH_Putnam_Lab_Notebook/Coral-RNA-Extraction-Protocol-for-2023-Moorea-Project/
December 2024 Goals,24,10K-seed-Cgigas; OluridaSurvey2014; Paper-geoduck-eelgrass-OA; SHIELD; ftr-tanks,https://ahuffmyer.github.io/ASH_Putnam_Lab_Notebook/December-2024-Goals/
Plans for USDA seed transfers in 2025,24,10K-seed-Cgigas; SHIELD; code; lab-package-tracker; manchester-hardening,https://ahuffmyer.github.io/ASH_Putnam_Lab_Notebook/Plans-for-USDA-seed-transfers-in-2025/
January 2022 Goals,24,MOPE; OluridaSurvey2014; Paper-geoduck-eelgrass-OA; SHIELD; lab-website,https://ahuffmyer.github.io/ASH_Putnam_Lab_Notebook/January-2022-Goals/
Lifestage Carryover Project Sampling,24,MOPE; OluridaSurvey2014; Paper-geoduck-eelgrass-OA; SHIELD; manchester-hardening,https://ahuffmyer.github.io/ASH_Putnam_Lab_Notebook/Lifestage-Carryover-Project-Sampling/
December 2021 Goals,23,MOPE; OluridaSurvey2014; Paper-geoduck-eelgrass-OA; SHIELD; lab-website,https://ahuffmyer.github.io/ASH_Putnam_Lab_Notebook/December-2021-Goals/
Field day at Point Whitney June 12 2024,23,OluridaSurvey2014; Paper-geoduck-eelgrass-OA; Paper-oly-adult-temp-food; SHIELD; mock-farm-dashboard,https://ahuffmyer.github.io/ASH_Putnam_Lab_Notebook/Point-Whitney-Field-Day-June-12-2024/
January 2026 Goals,23,MOPE; OluridaSurvey2014; lab-website; manchester-hardening; marine-stress-data-atlas,https://ahuffmyer.github.io/ASH_Putnam_Lab_Notebook/January-2025-Goals/
February 2022 Goals,23,OluridaSurvey2014; Paper-geoduck-eelgrass-OA; SHIELD; lab-website; manchester-hardening,https://ahuffmyer.github.io/ASH_Putnam_Lab_Notebook/February-2022-Goals/
VIMS Resazurin Trials Day 2,23,OluridaSurvey2014; Paper-geoduck-eelgrass-OA; SHIELD; mock-farm-dashboard; oyster-image-agent,https://ahuffmyer.github.io/ASH_Putnam_Lab_Notebook/VIMS-Resazurin-Trials-Day-2/
April 2025 Goals,23,10K-seed-Cgigas; MOPE; OluridaSurvey2014; SHIELD; code,https://ahuffmyer.github.io/ASH_Putnam_Lab_Notebook/April-2025-Goals/
Picking up new oyster seed for UW projects,23,10K-seed-Cgigas; SHIELD; code; lab-package-tracker; marine-stress-data-atlas,https://ahuffmyer.github.io/posts/2026-01-21-seedpickup.html
Prepping equipment and oysters for Lifestage Carryover project sampling day,23,OluridaSurvey2014; Paper-geoduck-eelgrass-OA; SHIELD; lab-package-tracker; mock-farm-dashboard,https://ahuffmyer.github.io/ASH_Putnam_Lab_Notebook/Hatchery-Day-Preparing-Lifestage-Carryover-Project-for-Sampling/
Software Installation - EGAPx and FCS-GX on Klone,23,MOPE; code; explore-crab-data; hyak_mox; marine-stress-data-atlas,https://robertslab.github.io/sams-notebook/posts/2026/2026-03-05-Software-Installation---EGAPx-and-FCS-GX-on-Klone/index.html
VIMS Resazurin Trials Day 3,23,OluridaSurvey2014; Paper-geoduck-eelgrass-OA; SHIELD; mock-farm-dashboard; oyster-image-agent,https://ahuffmyer.github.io/ASH_Putnam_Lab_Notebook/VIMS-Resazurin-Trials-Day-3/
Oyster USDA WSG Project Planning 5 Feb 2024,23,10K-seed-Cgigas; BBC; OluridaSurvey2014; Paper-geoduck-eelgrass-OA; SHIELD,https://ahuffmyer.github.io/ASH_Putnam_Lab_Notebook/Oyster-USDA-WSG-Project-Planning/
VIMS Resazurin Trials Day 1,23,OluridaSurvey2014; Paper-geoduck-eelgrass-OA; SHIELD; mock-farm-dashboard; paper-tanner-crab,https://ahuffmyer.github.io/ASH_Putnam_Lab_Notebook/VIMS-Resazurin-Trials-Day-1/
Heat Stress Survivorship - M.gigas USDA Families Heat Stressed at 33C,23,10K-seed-Cgigas; SHIELD; code; lab-package-tracker; marine-stress-data-atlas,https://robertslab.github.io/sams-notebook/posts/2026/2026-05-11-Heat-Stress-Survivorship---M.gigas-USDA-Families-Heat-Stressed-at-33C/index.html
Plotting temperature logger data for oyster field sites,22,10K-seed-Cgigas; OluridaSurvey2014; Paper-geoduck-eelgrass-OA; SHIELD; manchester-hardening,https://ahuffmyer.github.io/ASH_Putnam_Lab_Notebook/Plotting-temperature-logger-data-for-oyster-field-sites/
Symbiont gene expression in Mcap2020 developmental time series,22,MOPE; Paper-DNR-Geoduck-Proteomics; Paper-geoduck-eelgrass-OA; duck-genome-viz; lab-website,https://ahuffmyer.github.io/ASH_Putnam_Lab_Notebook/Symbiont-gene-expression-in-Mcap2020-developmental-time-series/
Genome Comparisons - Lake Trout PacBio Assemblies Flye vs hifiasm Using QUAST,22,Paper-DNR-Geoduck-Proteomics; Paper-geoduck-eelgrass-OA; duck-genome-viz; hackweek-2019; lab-connector,https://robertslab.github.io/sams-notebook/posts/2026/2026-04-10-Genome-Comparisons---Lake-Trout-PacBio-Assemblies-Flye-vs-hifiasm-Using-QUAST/index.html
Hatchery field day at Point Whitney May 16 2024,22,OluridaSurvey2014; Paper-geoduck-eelgrass-OA; Paper-oly-adult-temp-food; SHIELD; lab-package-tracker,https://ahuffmyer.github.io/ASH_Putnam_Lab_Notebook/Hatchery-field-day-at-Point-Whitney-May-16-2024/
Integrative analysis for Montipora capitata developmental time series,22,MOPE; SHIELD; lab-website; marine-stress-data-atlas; paper-gigas-early-gametogenic-exposure,https://ahuffmyer.github.io/ASH_Putnam_Lab_Notebook/Integrative-analysis-for-Montipora-capitata-developmental-time-series/
Field day at Point Whitney Aug 8 2024,22,10K-seed-Cgigas; OluridaSurvey2014; Paper-geoduck-eelgrass-OA; SHIELD; mock-farm-dashboard,https://ahuffmyer.github.io/ASH_Putnam_Lab_Notebook/Point-Whitney-Field-Day-Aug-8-2024/
Mcapitata Equipment Setup 2021,21,OluridaSurvey2014; Paper-geoduck-eelgrass-OA; Paper-oly-adult-temp-food; SHIELD; lab-website,https://ahuffmyer.github.io/ASH_Putnam_Lab_Notebook/Mcapitata-Equipment-Setup-2021/
E5 timeseries energy state exploratory analysis Part 1,21,OluridaSurvey2014; Paper-geoduck-eelgrass-OA; SHIELD; lab-website; marine-stress-data-atlas,https://ahuffmyer.github.io/ASH_Putnam_Lab_Notebook/E5-timeseries-energy-state-exploratory-analysis/
Hatchery day at Point Whitney to continue seed stress exposures,21,OluridaSurvey2014; Paper-geoduck-eelgrass-OA; SHIELD; lab-package-tracker; mock-farm-dashboard,https://ahuffmyer.github.io/ASH_Putnam_Lab_Notebook/Hatchery-Day-Continuing-Spat-Exposures/
August 2022 Goals,21,MOPE; OluridaSurvey2014; Paper-geoduck-eelgrass-OA; SHIELD; lab-website,https://ahuffmyer.github.io/ASH_Putnam_Lab_Notebook/August-2022-Goals/
E5 Environmental Timeseries Analysis Part 2,21,OluridaSurvey2014; Paper-geoduck-eelgrass-OA; SHIELD; lab-website; marine-stress-data-atlas,https://ahuffmyer.github.io/ASH_Putnam_Lab_Notebook/E5-Environmental-Timeseries-Analysis-Part-2/
April 2023 Goals,21,MOPE; OluridaSurvey2014; lab-website; manchester-hardening; marine-stress-data-atlas,https://ahuffmyer.github.io/ASH_Putnam_Lab_Notebook/April-2023-Goals/
Preparing Westcott outplants at Point Whitney on June 4 2024,21,10K-seed-Cgigas; OluridaSurvey2014; Paper-geoduck-eelgrass-OA; Paper-oly-adult-temp-food; SHIELD,https://ahuffmyer.github.io/ASH_Putnam_Lab_Notebook/Prepare-Westcott-outplants-at-Point-Whitney-June-4-2024/
E5 Multivariate Physiological Plasticity Analysis,20,OluridaSurvey2014; Paper-geoduck-eelgrass-OA; SHIELD; lab-website; marine-stress-data-atlas,https://ahuffmyer.github.io/ASH_Putnam_Lab_Notebook/E5-Multivariate-Physiological-Plasticity-Analysis/
Mcapitata Survival and Experiment Maintenance June 2021,20,OluridaSurvey2014; Paper-geoduck-eelgrass-OA; SHIELD; mock-farm-dashboard; paper-gigas-early-gametogenic-exposure,https://ahuffmyer.github.io/ASH_Putnam_Lab_Notebook/Mcapitata-Survival-and-Experiment-Maintenance-June-2021/
Preliminary environmental RDA analysis for E5 physiology project,20,OluridaSurvey2014; Paper-geoduck-eelgrass-OA; SHIELD; lab-website; marine-stress-data-atlas,https://ahuffmyer.github.io/ASH_Putnam_Lab_Notebook/Preliminary-environmental-RDA-analysis-for-E5-physiology-project/
Mcapitata Baseline Sampling June 2021,20,OluridaSurvey2014; Paper-geoduck-eelgrass-OA; SHIELD; mock-farm-dashboard; paper-gigas-early-gametogenic-exposure,https://ahuffmyer.github.io/ASH_Putnam_Lab_Notebook/Mcapitata-Baseline-Sampling-June-2021/
E5 Environmental Timeseries Analysis Part 3,20,OluridaSurvey2014; Paper-geoduck-eelgrass-OA; SHIELD; lab-website; marine-stress-data-atlas,https://ahuffmyer.github.io/ASH_Putnam_Lab_Notebook/E5-Environmental-Timeseries-Analysis-Part-3/
E5 genome stats,20,Paper-DNR-Geoduck-Proteomics; Paper-geoduck-eelgrass-OA; duck-genome-viz; lab-website; marine-stress-data-atlas,https://sr320.github.io/tumbling-oysters/posts/31-e5-genome-stats/index.html
November 2024 Goals,20,10K-seed-Cgigas; BBC; MOPE; Paper-geoduck-eelgrass-OA; SHIELD,https://ahuffmyer.github.io/ASH_Putnam_Lab_Notebook/November-2024-Goals/
December 2022 Goals,20,Paper-DNR-Geoduck-Proteomics; Paper-geoduck-eelgrass-OA; duck-genome-viz; lab-website; marine-stress-data-atlas,https://ahuffmyer.github.io/ASH_Putnam_Lab_Notebook/December-2022-Goals/
Trial oyster strip spawning at Point Whitney,20,OluridaSurvey2014; Paper-geoduck-eelgrass-OA; SHIELD; lab-package-tracker; mock-farm-dashboard,https://ahuffmyer.github.io/ASH_Putnam_Lab_Notebook/Trial-oyster-strip-spawning-at-Point-Whitney/
E5 Environmental Timeseries Analysis Part 1,20,OluridaSurvey2014; Paper-geoduck-eelgrass-OA; SHIELD; lab-website; marine-stress-data-atlas,https://ahuffmyer.github.io/ASH_Putnam_Lab_Notebook/E5-Environmental-Timeseries-Analysis-Part-1/
Mcapitata Spawning and Fertilization July 2020,20,OluridaSurvey2014; Paper-geoduck-eelgrass-OA; SHIELD; lab-website; marine-stress-data-atlas,https://ahuffmyer.github.io/ASH_Putnam_Lab_Notebook/Mcapitata-Spawning-and-Fertilization-July-2020/
Revising RDA plots for E5 physiology manuscript,20,OluridaSurvey2014; Paper-geoduck-eelgrass-OA; SHIELD; lab-website; marine-stress-data-atlas,https://ahuffmyer.github.io/ASH_Putnam_Lab_Notebook/E5-timeseries-physiology-revising-RDA-plots/
April 2024 Goals,20,SHIELD; lab-website; marine-stress-data-atlas; paper-tanner-crab; polyIC-larvae,https://ahuffmyer.github.io/ASH_Putnam_Lab_Notebook/April-2024-Goals/
Mcapitata Temperature Exposure and Design June 2021,20,OluridaSurvey2014; Paper-geoduck-eelgrass-OA; SHIELD; mock-farm-dashboard; paper-gigas-early-gametogenic-exposure,https://ahuffmyer.github.io/ASH_Putnam_Lab_Notebook/Mcapitata-Temperature-Exposure-and-Design-June-2021/
E5 timeseries molecular mRNA-WGBS machine learning analysis Part 1,20,EpiDiverse-snp; MOPE; lab-website; marine-stress-data-atlas; paper-gigas-metaanalysis,https://ahuffmyer.github.io/ASH_Putnam_Lab_Notebook/E5-timeseries-molecular-mRNA-WGBS-machine-learning-analysis-Part-1/
November 2025 Goals,20,MOPE; lab-website; marine-stress-data-atlas; paper-tanner-crab; polyIC-larvae,https://ahuffmyer.github.io/ASH_Putnam_Lab_Notebook/November-2025-Goals/
Oyster outplant overview,20,10K-seed-Cgigas; OluridaSurvey2014; Paper-geoduck-eelgrass-OA; SHIELD; manchester-hardening,https://ahuffmyer.github.io/ASH_Putnam_Lab_Notebook/Oyster-outplant-overview/
July 2023 Goals,20,OluridaSurvey2014; Paper-geoduck-eelgrass-OA; SHIELD; lab-website; marine-stress-data-atlas,https://ahuffmyer.github.io/ASH_Putnam_Lab_Notebook/July-2023-Goals/
Resazurin Summary - Manila Clam Heat Stress Experiments,19,OluridaSurvey2014; Paper-geoduck-eelgrass-OA; SHIELD; mock-farm-dashboard; paper-tanner-crab,https://robertslab.github.io/sams-notebook/posts/2026/2026-05-13-Resazurin-Summary---Manila-Clam-Heat-Stress-Experiments/index.html
Resazurin Assays - Selected Juvenile Ruditapes philippinarum Exposed to 36C Acute Heat Stress Day 1,19,OluridaSurvey2014; Paper-geoduck-eelgrass-OA; SHIELD; mock-farm-dashboard; paper-tanner-crab,https://robertslab.github.io/sams-notebook/posts/2026/2026-04-01-Resazurin-Assays---Selected-Juvenile-Ruditapes-philippinarum-Exposed-to-36C-Acute-Heat-Stress-Day-1/index.html
E5 molecular timeseries lipidomics preliminary analysis,19,MOPE; hackweek-2019; lab-connector; lab-website; marine-stress-data-atlas,https://ahuffmyer.github.io/ASH_Putnam_Lab_Notebook/E5-molecular-timeseries-lipidomics-prelim-analysis/
Resazurin Assays - Low Salinity Selected Juvenile Ruditapes phillippinarum Exposed to 36C Acute Heat Stress,19,OluridaSurvey2014; Paper-geoduck-eelgrass-OA; SHIELD; mock-farm-dashboard; paper-tanner-crab,https://robertslab.github.io/sams-notebook/posts/2026/2026-05-28-Resazurin-Assays---Low-Salinity-Selected-Juvenile-Ruditapes-phillippinarum-Exposed-to-36C-Acute-Heat-Stress/index.html
QC of RNAseq files for Montipora capitata larval thermal tolerance 2023 project,19,MOPE; SHIELD; lab-website; manchester-hardening; marine-stress-data-atlas,https://ahuffmyer.github.io/ASH_Putnam_Lab_Notebook/RNAseq-QC-for-Mcapitata-Larval-Thermal-Tolerance-Project/
E5 molecular timeseries lipidomics test data analysis,19,MOPE; hackweek-2019; lab-connector; lab-website; marine-stress-data-atlas,https://ahuffmyer.github.io/ASH_Putnam_Lab_Notebook/E5-molecular-timeseries-lipidomics-test-data-analysis/
Resazurin Assays - Selected Juvenile Ruditapes philippinarum Exposed to 36C Acute Heat Stress,19,OluridaSurvey2014; Paper-geoduck-eelgrass-OA; SHIELD; mock-farm-dashboard; paper-tanner-crab,https://robertslab.github.io/sams-notebook/posts/2026/2026-04-01-Resazurin-Assays---Selected-Juvenile-Ruditapes-philippinarum-Exposed-to-36C-Acute-Heat-Stress/index.html
March 2023 Goals,19,MOPE; OluridaSurvey2014; lab-website; manchester-hardening; marine-stress-data-atlas,https://ahuffmyer.github.io/ASH_Putnam_Lab_Notebook/March-2023-Goals/
Gene methylation,18,EpiDiverse-snp; MOPE; marine-stress-data-atlas; paper-gigas-metaanalysis; project-caligus-methylation,https://sr320.github.io/tumbling-oysters/posts/61-gene-meth/index.html
Ceabigr correlation matrices attempt,18,EpiDiverse-snp; MOPE; marine-stress-data-atlas; paper-gigas-metaanalysis; project-caligus-methylation,https://ahuffmyer.github.io/ASH_Putnam_Lab_Notebook/Ceabigr-correlation-matrices-attempt/
Outplanting oysters at Goose Point in Willapa Bay,18,OluridaSurvey2014; Paper-geoduck-eelgrass-OA; SHIELD; mock-farm-dashboard; paper-tanner-crab,https://ahuffmyer.github.io/ASH_Putnam_Lab_Notebook/Goose-Point-Outplanting-June-25-2024/
Survival and growth of oysters at Goose Point in Willapa Bay,18,OluridaSurvey2014; Paper-geoduck-eelgrass-OA; SHIELD; mock-farm-dashboard; paper-tanner-crab,https://ahuffmyer.github.io/ASH_Putnam_Lab_Notebook/Goose-Point-Sampling-Sept-9-2024/
Resazurin - Fluorescence Stability Over 96hrs Post-Heat Stress of Pacific Oysters,18,OluridaSurvey2014; Paper-geoduck-eelgrass-OA; SHIELD; mock-farm-dashboard; paper-tanner-crab,https://robertslab.github.io/sams-notebook/posts/2026/2026-05-28-Resazurin---Fluorescence-Stability-Over-96hrs-Post-Heat-Stress-of-Pacific-Oysters/index.html
Mytilus methylation,18,EpiDiverse-snp; MOPE; marine-stress-data-atlas; paper-gigas-metaanalysis; project-caligus-methylation,https://sr320.github.io/tumbling-oysters/posts/35-myt-meth/index.html
UT Sydney processing for lipidomics and metabolomics for Hawaii 2023 project,18,MOPE; SHIELD; lab-website; manchester-hardening; marine-stress-data-atlas,https://ahuffmyer.github.io/ASH_Putnam_Lab_Notebook/UT-Sydney-Lipid-Metabolite-Processing/
QC of top off RNAseq files for Montipora capitata larval thermal tolerance 2023 project,18,SHIELD; lab-website; manchester-hardening; marine-stress-data-atlas; paper-tanner-crab,https://ahuffmyer.github.io/ASH_Putnam_Lab_Notebook/Toppoff-Sequencing-RNAseq-QC-for-Mcapitata-Larval-Thermal-Tolerance-Project/
Gene body methylation plots,18,EpiDiverse-snp; MOPE; marine-stress-data-atlas; paper-gigas-metaanalysis; project-caligus-methylation,https://sr320.github.io/tumbling-oysters/posts/65-gbm-plots/index.html
10K seed outplant at Baywater Shellfish,17,10K-seed-Cgigas; OluridaSurvey2014; Paper-geoduck-eelgrass-OA; SHIELD; mock-farm-dashboard,https://ahuffmyer.github.io/ASH_Putnam_Lab_Notebook/10K-seed-outplant-at-Baywater/
Samples Submitted - Pacific cod Blood gDNA and Total RNA to Psomagen,17,EpiDiverse-snp; lab-website; marine-stress-data-atlas; paper-tanner-crab; project-cod-temperature,https://robertslab.github.io/sams-notebook/posts/2025/2025-06-24-Samples-Submitted---Pacific-cod-Blood-gDNA-and-Total-RNA-to-Psomagen/index.html
Spawning at Point Whitney June 13 2024,17,SHIELD; lab-package-tracker; paper-gigas-early-gametogenic-exposure; paper-hatchery-microbiome; polyIC-larvae,https://ahuffmyer.github.io/ASH_Putnam_Lab_Notebook/Spawning-at-Point-Whitney-June-13-2024/
KAPA bead clean-up protocol for removal of primer dimers from PCR product,17,OluridaSurvey2014; Paper-geoduck-eelgrass-OA; SHIELD; mock-farm-dashboard; paper-tanner-crab,https://ahuffmyer.github.io/ASH_Putnam_Lab_Notebook/KAPA-bead-clean-up-protocol-for-removal-of-primer-dimers-from-PCR-product/
Orion Star A325 Protocol,17,OluridaSurvey2014; Paper-geoduck-eelgrass-OA; SHIELD; lab-connector; mock-farm-dashboard,https://ahuffmyer.github.io/posts/2026-05-30-Orion-Star-A325-Protocol.html
E5 Deep Dive RNAseq WGCNA Analysis,17,SHIELD; lab-website; manchester-hardening; marine-stress-data-atlas; paper-tanner-crab,https://ahuffmyer.github.io/ASH_Putnam_Lab_Notebook/E5-Deep-Dive-RNAseq-WGCNA-Analysis/
New Guava Muse instrument set up and testing,17,GuavaMuse; OluridaSurvey2014; Paper-geoduck-eelgrass-OA; SHIELD; mock-farm-dashboard,https://ahuffmyer.github.io/ASH_Putnam_Lab_Notebook/New-Guava-Muse-Setup/
Montipora capitata spawning and larval rearing protocol,16,OluridaSurvey2014; SHIELD; lab-website; marine-stress-data-atlas; paper-gigas-early-gametogenic-exposure,https://ahuffmyer.github.io/ASH_Putnam_Lab_Notebook/Montipora-capitata-spawning-and-larval-rearing-protocol/
16S Pipeline in Mothur,16,hackweek-2019; lab-connector; lab-website; laby-18s; marine-stress-data-atlas,https://ahuffmyer.github.io/ASH_Putnam_Lab_Notebook/16S-Analysis-in-Mothr-Part-1/
Guava Muse status,16,OluridaSurvey2014; Paper-geoduck-eelgrass-OA; SHIELD; mock-farm-dashboard; paper-tanner-crab,https://ahuffmyer.github.io/ASH_Putnam_Lab_Notebook/Guava-Muse-status/
August 2024 Goals,16,10K-seed-Cgigas; MOPE; SHIELD; lab-website; marine-stress-data-atlas,https://ahuffmyer.github.io/ASH_Putnam_Lab_Notebook/August-2024-Goals/
October 2024 Goals,16,10K-seed-Cgigas; MOPE; SHIELD; lab-website; marine-stress-data-atlas,https://ahuffmyer.github.io/ASH_Putnam_Lab_Notebook/October-2024-Goals/
Upcoming oyster projects and to do lists,15,10K-seed-Cgigas; SHIELD; manchester-hardening; oyster-ploidy-hardening; paper-gigas-early-gametogenic-exposure,https://ahuffmyer.github.io/ASH_Putnam_Lab_Notebook/Upcoming-oyster-projects-and-to-do-list/
June 2024 Goals,15,10K-seed-Cgigas; MOPE; SHIELD; lab-inventory; lab-website,https://ahuffmyer.github.io/ASH_Putnam_Lab_Notebook/June-2024-Goals/
WGCNA with physiology correlations of ortholog expression for the E5 timeseries molecular project,14,MOPE; lab-website; marine-stress-data-atlas; paper-tanner-crab; project-cod-temperature,https://ahuffmyer.github.io/ASH_Putnam_Lab_Notebook/E5-ortholog-WGCNA-physiology-correlations/
FastQC MultiQC - Andy Dittman Preliminary RNA-seq Data on Hyak,14,code; hyak_mox; marine-stress-data-atlas; paper-tanner-crab; project-cod-temperature,https://robertslab.github.io/sams-notebook/posts/2026/2026-05-19-FastQC-MultiQC---Andy-Dittman-Preliminary-RNA-seq-Data-on-Hyak/index.html
Revising Figures for Mcapitata Development 2020 Project,14,MOPE; SHIELD; lab-website; marine-stress-data-atlas; paper-gigas-early-gametogenic-exposure,https://ahuffmyer.github.io/ASH_Putnam_Lab_Notebook/Revising-Figures-for-Mcapitata-Development-2020-Project/
SRA Uploads 10 November 2022,14,SHIELD; lab-package-tracker; lab-website; marine-stress-data-atlas; paper-gigas-early-gametogenic-exposure,https://ahuffmyer.github.io/ASH_Putnam_Lab_Notebook/SRA-Uploads-10-November-2022/
VIMS Ploidy Resazurin Trials - Round 2,14,oyster-ploidy-hardening; photo-2-notebook-post; polyIC-larvae; project-gigas-ploidy-oa; project-gigas_ploidy,https://ahuffmyer.github.io/ASH_Putnam_Lab_Notebook/VIMS-Ploidy-Resazurin-Trials-Part-2/
Coral Metabolomics Extraction Log for Moorea 2023 Project,14,MOPE; SHIELD; lab-website; marine-stress-data-atlas; paper-gigas-early-gametogenic-exposure,https://ahuffmyer.github.io/ASH_Putnam_Lab_Notebook/Coral-Metabolomics-Moorea-2023-Extraction-Log/
December 2023 Goals,14,Paper-DNR-Geoduck-Proteomics; Paper-geoduck-eelgrass-OA; hackweek-2019; lab-website; marine-stress-data-atlas,https://ahuffmyer.github.io/ASH_Putnam_Lab_Notebook/December-2023-Goals/
WGCNA of ortholog expression for the E5 timeseries molecular project,14,MOPE; lab-website; marine-stress-data-atlas; paper-tanner-crab; project-cod-temperature,https://ahuffmyer.github.io/ASH_Putnam_Lab_Notebook/E5-ortholog-WGCNA/
Mcapitata Development 16S Analysis - Mothur pipeline visualizations,13,SHIELD; lab-website; marine-stress-data-atlas; paper-gigas-early-gametogenic-exposure; photo-2-notebook-post,https://ahuffmyer.github.io/ASH_Putnam_Lab_Notebook/Mcapitata-Development-16S-Analysis-Mothur-Pipeline-Visualizations/
October 2023 Goals,13,lab-website; marine-stress-data-atlas; paper-tanner-crab; project-cod-temperature; project-geoduck-repro,https://ahuffmyer.github.io/ASH_Putnam_Lab_Notebook/October-2023-Goals/
Oyster ploidy results,13,OluridaSurvey2014; manchester-hardening; oyster-ploidy-hardening; photo-2-notebook-post; project-geoduck-oa,https://ahuffmyer.github.io/ASH_Putnam_Lab_Notebook/Oyster-ploidy-results/
Coral Metabolomics Extraction Protocol for 2023 Moorea Project,13,MOPE; SHIELD; lab-website; marine-stress-data-atlas; paper-gigas-early-gametogenic-exposure,https://ahuffmyer.github.io/ASH_Putnam_Lab_Notebook/Coral-Metabolomics-Extraction-Protocol-for-2023-Moorea-Project/
Coral Metabolomics Extraction and Preparation Protocol for 2023 Moorea Project,13,MOPE; SHIELD; lab-website; marine-stress-data-atlas; paper-gigas-early-gametogenic-exposure,https://ahuffmyer.github.io/ASH_Putnam_Lab_Notebook/Coral-Metabolomics-Extraction-and-Preparation-Protocol-for-2023-Moorea-Project/
DNA RNA Isolation and Quantification - G.macrocephalus Blood Using Bullet Blender and Zymo Quick DNA RNA MiniPrep Plus Kit,13,lab-website; marine-stress-data-atlas; paper-tanner-crab; project-cod-temperature; project-geoduck-repro,https://robertslab.github.io/sams-notebook/posts/2025/2025-04-25-DNA-RNA-Isolation-and-Quantification---G.macrocephalus-Blood-Using-Bullet-Blender-and-Zymo-Quick-DNA-RNA-MiniPrep-Plus-Kit/index.html
RNA Extraction Log for 2023 Moorea Project,13,SHIELD; lab-website; marine-stress-data-atlas; paper-gigas-early-gametogenic-exposure; photo-2-notebook-post,https://ahuffmyer.github.io/ASH_Putnam_Lab_Notebook/RNA-Extraction-Log-for-2023-Moorea-Project/
Metabolomics WGCNA Analysis Part 1,13,MOPE; SHIELD; lab-website; marine-stress-data-atlas; paper-gigas-early-gametogenic-exposure,https://ahuffmyer.github.io/ASH_Putnam_Lab_Notebook/Metabolomics-WGCNA-Analysis-Part-1/
January 2025 Goals,13,10K-seed-Cgigas; MOPE; SHIELD; lab-website; marine-stress-data-atlas,https://ahuffmyer.github.io/ASH_Putnam_Lab_Notebook/January-2025-Goals/
Data transfer from Andromeda to Unity and Hyak,13,code; hyak_mox; marine-stress-data-atlas; paper-tanner-crab; project-cod-temperature,https://ahuffmyer.github.io/ASH_Putnam_Lab_Notebook/Data-Transfer-Andromeda/
Sample transport to UW for Moorea 2023 project,13,MOPE; SHIELD; lab-website; marine-stress-data-atlas; paper-gigas-early-gametogenic-exposure,https://ahuffmyer.github.io/ASH_Putnam_Lab_Notebook/Sample-transport-to-UW-for-Moorea-2023-project/
January 2024 Goals,13,lab-website; marine-stress-data-atlas; paper-tanner-crab; project-cod-temperature; project-geoduck-repro,https://ahuffmyer.github.io/ASH_Putnam_Lab_Notebook/January-2024-Goals/
DNA RNA Isolation and Quantification - G.macrocephalus Blood Using Bullet Blender and Zymo Quick DNA RNA MiniPrep Plus Kit,13,lab-website; marine-stress-data-atlas; paper-tanner-crab; project-cod-temperature; project-geoduck-repro,https://robertslab.github.io/sams-notebook/posts/2025/2025-04-10-DNA-RNA-Isolation-and-Quantification---G.macrocephalus-Blood-Using-Bullet-Blender-and-Zymo-Quick-DNA-RNA-MiniPrep-Plus-Kit/index.html
Multi-Omic Integration Analysis Part 1,13,MOPE; SHIELD; lab-website; marine-stress-data-atlas; paper-gigas-early-gametogenic-exposure,https://ahuffmyer.github.io/ASH_Putnam_Lab_Notebook/Multi-Omic-Integration-Analysis-Part-1/
Data Received - RNA-seq Subset for Andy Dittman and NOAA,12,marine-stress-data-atlas; paper-tanner-crab; project-cod-temperature; project-geoduck-repro; project-hemat_bairdi_transcriptome,https://robertslab.github.io/sams-notebook/posts/2026/2026-05-08-Data-Received---RNA-seq-Subset-for-Andy-Dittman-and-NOAA/index.html
Correcting subsampling error in Mcap2020 ITS2 code and revise results,12,SHIELD; lab-website; marine-stress-data-atlas; paper-gigas-early-gametogenic-exposure; polyIC-larvae,https://ahuffmyer.github.io/ASH_Putnam_Lab_Notebook/Correcting-subsampling-error-in-Mcap2020-ITS2-code-and-revise-results/
September 2024 Goals,12,10K-seed-Cgigas; MOPE; SHIELD; lab-website; marine-stress-data-atlas,https://ahuffmyer.github.io/ASH_Putnam_Lab_Notebook/September-2024-Goals/
Moorea 2023 Symbiotic Nutritional Exchange Project Daily Entries,12,OluridaSurvey2014; lab-website; marine-stress-data-atlas; photo-2-notebook-post; polyIC-larvae,https://ahuffmyer.github.io/ASH_Putnam_Lab_Notebook/Moorea-2023-Symbiotic-Nutritional-Exchange-Project-Daily-Entries/
Sequence depth subsampling test with Mcap2020 ITS2 dataset,12,SHIELD; lab-website; marine-stress-data-atlas; paper-gigas-early-gametogenic-exposure; polyIC-larvae,https://ahuffmyer.github.io/ASH_Putnam_Lab_Notebook/Sequence-depth-subsampling-test-with-Mcap2020-ITS2-dataset/
Mcapitata July 2020 Embryo Larvae Recruit Sampling,12,SHIELD; lab-website; marine-stress-data-atlas; paper-gigas-early-gametogenic-exposure; polyIC-larvae,https://ahuffmyer.github.io/ASH_Putnam_Lab_Notebook/Mcapitata-July-2020-Embryo-Larvae-Recruit-Sampling/
Samples Submitted - Salmon Kidney Tissue to SolusCell for Cristian Gallardo,12,marine-stress-data-atlas; paper-tanner-crab; project-cod-temperature; project-geoduck-repro; project-hemat_bairdi_transcriptome,https://robertslab.github.io/sams-notebook/posts/2026/2026-03-30-Samples-Submitted---Salmon-Kidney-Tissue-to-SolusCell-for-Cristian-Gallardo/index.html
Mcapitata July 2020 Sampling Protocol,12,SHIELD; lab-website; marine-stress-data-atlas; paper-gigas-early-gametogenic-exposure; polyIC-larvae,https://ahuffmyer.github.io/ASH_Putnam_Lab_Notebook/Mcapitata-July-2020-Sampling-Protocol/
Larval Size Photographs Protocol,12,SHIELD; lab-website; marine-stress-data-atlas; paper-gigas-early-gametogenic-exposure; polyIC-larvae,https://ahuffmyer.github.io/ASH_Putnam_Lab_Notebook/Larval-Size-Photographs-Protocol/
ITS2 amplicon sequencing preparation protocol,12,SHIELD; lab-website; marine-stress-data-atlas; paper-gigas-early-gametogenic-exposure; polyIC-larvae,https://ahuffmyer.github.io/ASH_Putnam_Lab_Notebook/ITS2-amplification-protocol/
Larval rearing at Point Whitney,12,SHIELD; lab-package-tracker; paper-gigas-early-gametogenic-exposure; paper-hatchery-microbiome; polyIC-larvae,https://ahuffmyer.github.io/ASH_Putnam_Lab_Notebook/Larval-rearing-at-Point-Whitney/
Transfer raw sequencing data to backup Andromeda folder,11,marine-stress-data-atlas; paper-tanner-crab; project-cod-temperature; project-geoduck-repro; project-hemat_bairdi_transcriptome,https://ahuffmyer.github.io/ASH_Putnam_Lab_Notebook/Transfer-Backup-Files-on-Andromeda/
Bismark array,11,EpiDiverse-snp; hackweek-2019; project-cod-temperature; project-gigas_ploidy; project-myt-crass-methylation,https://sr320.github.io/tumbling-oysters/posts/33-bismark-array/index.html
August 2023 Goals,11,lab-package-tracker; lab-website; marine-stress-data-atlas; paper-hatchery-microbiome; polyIC-larvae,https://ahuffmyer.github.io/ASH_Putnam_Lab_Notebook/August-2023-Goals/
Software Testing - Stevens workflow-annotation Pipeline,11,MOPE; paper-tanner-crab; pgc-edc-oyster; project-clam-oa; project-cod-temperature,https://robertslab.github.io/sams-notebook/posts/2026/2026-03-05-Software-Testing---Stevens-workflow-annotation-Pipeline/index.html
E5 Time Series Data QC,11,OluridaSurvey2014; lab-website; marine-stress-data-atlas; polyIC-larvae; project-crab,https://ahuffmyer.github.io/ASH_Putnam_Lab_Notebook/E5-Time-Series-Data-QC/
Metabolomics WGCNA Analysis Part 2,11,MOPE; SHIELD; lab-package-tracker; marine-stress-data-atlas; paper-gigas-early-gametogenic-exposure,https://ahuffmyer.github.io/ASH_Putnam_Lab_Notebook/Metabolomics-WGCNA-Analysis-Part-2/
Nanopore next,11,hackweek-2019; lab-connector; project-crab; project-geoduck-genome; project-hemat_bairdi_transcriptome,https://sr320.github.io/tumbling-oysters/posts/51-nano-next/index.html
May 2022 Goals,10,MOPE; SHIELD; lab-website; manchester-hardening; marine-stress-data-atlas,https://ahuffmyer.github.io/ASH_Putnam_Lab_Notebook/May-2022-Goals/
June 2022 Goals,10,MOPE; SHIELD; lab-website; manchester-hardening; marine-stress-data-atlas,https://ahuffmyer.github.io/ASH_Putnam_Lab_Notebook/June-2022-Goals/
NCBI upload for Montipora capitata larval tolerance ITS2 sequences,10,SHIELD; lab-inventory; lab-website; manchester-hardening; marine-stress-data-atlas,https://ahuffmyer.github.io/ASH_Putnam_Lab_Notebook/NCBI-upload-for-Montipora-capitata-larval-tolerance-ITS2-sequences/
HISAT annotation,10,MOPE; paper-tanner-crab; pgc-edc-oyster; project-clam-oa; project-cod-temperature,https://sr320.github.io/tumbling-oysters/posts/30-hisat-annot/index.html
PolyIC Immune Priming Protocols,10,mock-farm-dashboard; oyster-ploidy-hardening; photo-2-notebook-post; polyIC-larvae; project-gigas-carryover,https://ahuffmyer.github.io/ASH_Putnam_Lab_Notebook/PolyIC-Immune-Priming-Protocols/
WGCNA annotation,10,MOPE; paper-tanner-crab; pgc-edc-oyster; project-clam-oa; project-cod-temperature,https://sr320.github.io/tumbling-oysters/posts/59-wgcna-annotation/index.html
Larval size and symbiont cell density from Hawaii 2023 project,9,SHIELD; paper-gigas-early-gametogenic-exposure; photo-2-notebook-post; polyIC-larvae; project-gigas-oa-meth,https://ahuffmyer.github.io/ASH_Putnam_Lab_Notebook/Larval-size-and-symbiont-cell-density-from-Hawaii-2023-project/
November 2021 Goals,9,MOPE; SHIELD; lab-website; marine-stress-data-atlas; project-gigas-carryover,https://ahuffmyer.github.io/ASH_Putnam_Lab_Notebook/November-2021-Goals/
Manchester mortality,9,OluridaSurvey2014; manchester-hardening; photo-2-notebook-post; polyIC-larvae; project-crab,https://sr320.github.io/tumbling-oysters/posts/72-manchester-mort/index.html
ITS2 amplicon PCR and preparation for sequencing 20240326,9,SHIELD; paper-gigas-early-gametogenic-exposure; photo-2-notebook-post; polyIC-larvae; project-gigas-oa-meth,https://ahuffmyer.github.io/ASH_Putnam_Lab_Notebook/ITS2-amplicon-PCR-and-preparation-for-sequencing-20240326/
PCA of ortholog expression for E5 timeseries molecular project,7,MOPE; lab-website; marine-stress-data-atlas; photo-2-notebook-post; project-lake-trout,https://ahuffmyer.github.io/ASH_Putnam_Lab_Notebook/PCA-ortholog-expression-E5-timeseries-molecular/
Resazurin Assays - Selected Juvenile Ruditapes philippinarum Exposed to 40C Acute Heat Stress,7,polyIC-larvae; project-clam-oa; resazurin-assay-development; resazurin-family-screenings; resources,https://robertslab.github.io/sams-notebook/posts/2026/2026-03-30-Resazurin-Assays---Selected-Juvenile-Ruditapes-philippinarum-Exposed-to-40C-Acute-Heat-Stress/index.html
Wescott mortality,7,OluridaSurvey2014; polyIC-larvae; project-crab; project-geoduck-oa; project-oyster-oa,https://sr320.github.io/tumbling-oysters/posts/74-wescott-mort/index.html
Resazurin Assays - Proximity to Plate Reader Detector Significantly Affects Fluorescence Readings,7,polyIC-larvae; project-clam-oa; resazurin-assay-development; resazurin-family-screenings; resources,https://robertslab.github.io/sams-notebook/posts/2026/2026-05-28-Resazurin-Assays---Proximity-to-Plate-Reader-Detector-Significantly-Affects-Fluorescence-Readings/index.html
Shiny Server - Configuration on Gannet Using Synology Container Manager,7,lab-package-tracker; polyIC-larvae; resazurin-assay-development; resazurin-family-screenings; resources,https://robertslab.github.io/sams-notebook/posts/2025/2025-08-29-Shiny-Server---Configuration-on-Gannet-Using-Synology-Container-Manager/index.html
September 2022 Goals,7,MOPE; lab-website; marine-stress-data-atlas; project-cod-temperature; project-olympia.oyster-genomic,https://ahuffmyer.github.io/ASH_Putnam_Lab_Notebook/September-2022-Goals/
SORMI mortality,7,OluridaSurvey2014; polyIC-larvae; project-crab; project-geoduck-oa; project-oyster-oa,https://sr320.github.io/tumbling-oysters/posts/73-sormi-mort/index.html
Resazurin Assays - Selected Juvenile Ruditapes philippinarum Exposed to 36C Acute Heat Stress Day 0,7,polyIC-larvae; project-clam-oa; resazurin-assay-development; resazurin-family-screenings; resources,https://robertslab.github.io/sams-notebook/posts/2026/2026-03-31-Resazurin-Assays---Selected-Juvenile-Ruditapes-philippinarum-Exposed-to-36C-Acute-Heat-Stress-Day-0/index.html
Individual species WGCNA for E5 timeseries molecular project,6,MOPE; lab-website; marine-stress-data-atlas; project-lake-trout; project-ostrea-chil,https://ahuffmyer.github.io/ASH_Putnam_Lab_Notebook/E5-individual-species-ortholog-WGCNA/
WGCNA with eigengene expression plots of ortholog expression for the E5 timeseries molecular project,6,MOPE; lab-website; marine-stress-data-atlas; project-lake-trout; project-ostrea-chil,https://ahuffmyer.github.io/ASH_Putnam_Lab_Notebook/E5-ortholog-WGCNA-module-plots/
Hawaii 2023 Larval Tolerance project ITS2 Analysis Part 1,6,SHIELD; manchester-hardening; photo-2-notebook-post; polyIC-larvae; project-cod-temperature,https://ahuffmyer.github.io/ASH_Putnam_Lab_Notebook/Hawaii-2023-Larval-Tolerance-ITS2-Analysis-Part-1/
E5 metabolomics preliminary analysis,6,MOPE; lab-website; marine-stress-data-atlas; photo-2-notebook-post; project-ostrea-chil,https://ahuffmyer.github.io/ASH_Putnam_Lab_Notebook/E5-metabolomics-preliminary-analysis/
Analyzing 16S Mothur Results in R,6,lab-website; laby-18s; marine-stress-data-atlas; project-eDNA-yellow; project-ostrea-chil,https://ahuffmyer.github.io/ASH_Putnam_Lab_Notebook/Analyzing-16S-Mothur-Results-in-R/
E5 timeseries energy state exploratory analysis Part 2,6,MOPE; lab-website; marine-stress-data-atlas; photo-2-notebook-post; project-ostrea-chil,https://ahuffmyer.github.io/ASH_Putnam_Lab_Notebook/E5-timeseries-energy-state-exploratory-analysis-Part-2/
June 2023 Goals,5,lab-website; marine-stress-data-atlas; photo-2-notebook-post; project-ostrea-chil; tusk,https://ahuffmyer.github.io/ASH_Putnam_Lab_Notebook/June-2023-Goals/
September 2023 Goals,5,lab-website; marine-stress-data-atlas; photo-2-notebook-post; project-ostrea-chil; tusk,https://ahuffmyer.github.io/ASH_Putnam_Lab_Notebook/September-2023-Goals/
January 2023 Goals,5,MOPE; lab-website; marine-stress-data-atlas; project-ostrea-chil; tusk,https://ahuffmyer.github.io/ASH_Putnam_Lab_Notebook/January-2023-Goals/
May 2023 Goals,5,MOPE; lab-website; marine-stress-data-atlas; project-ostrea-chil; tusk,https://ahuffmyer.github.io/ASH_Putnam_Lab_Notebook/May-2023-Goals/
February 2023 Goals,5,MOPE; lab-website; marine-stress-data-atlas; project-ostrea-chil; tusk,https://ahuffmyer.github.io/ASH_Putnam_Lab_Notebook/February-2023-Goals/
E5 molecular timeseries metabolomics test data analysis,5,MOPE; lab-website; marine-stress-data-atlas; project-ostrea-chil; tusk,https://ahuffmyer.github.io/ASH_Putnam_Lab_Notebook/E5-molecular-timeseries-metabolomics-test-data-analysis/
Field day at Point Whitney July 15 2024,5,10K-seed-Cgigas; SHIELD; polyIC-larvae; project-gigas-conditioning; resazurin-assay-development,https://ahuffmyer.github.io/ASH_Putnam_Lab_Notebook/Point-Whitney-Field-Day-July-15-2024/
Stable Isotope Metabolomics Extraction Protocol,5,MOPE; lab-website; marine-stress-data-atlas; project-ostrea-chil; tusk,https://ahuffmyer.github.io/ASH_Putnam_Lab_Notebook/Stable-Isotope-Metabolomics-Extraction-Protocol/
E5 metabolomics and lipidomics tissue preps,5,MOPE; lab-website; marine-stress-data-atlas; project-ostrea-chil; tusk,https://ahuffmyer.github.io/ASH_Putnam_Lab_Notebook/E5-metabolomics-lipidomics-tissue-preps/
Revising E5 Time Series Multivariate Plasticity Analysis,5,lab-website; marine-stress-data-atlas; photo-2-notebook-post; project-ostrea-chil; tusk,https://ahuffmyer.github.io/ASH_Putnam_Lab_Notebook/Revising-E5-Time-Series-Multivariate-Plasticity-Analysis/
Sanger sequencing preps for Moorea 2023 project at URI,5,lab-website; marine-stress-data-atlas; photo-2-notebook-post; project-ostrea-chil; tusk,https://ahuffmyer.github.io/ASH_Putnam_Lab_Notebook/Sanger-sequencing-preps-at-URI/
November 2022 Goals,5,MOPE; lab-website; marine-stress-data-atlas; project-ostrea-chil; tusk,https://ahuffmyer.github.io/ASH_Putnam_Lab_Notebook/November-2022-Goals/
Pocillopora and Porites Species ID Sanger Sequencing and RFLP protocol,5,lab-website; marine-stress-data-atlas; photo-2-notebook-post; project-ostrea-chil; tusk,https://ahuffmyer.github.io/ASH_Putnam_Lab_Notebook/POR-POR-Species-ID-Sanger-and-RFLP-Protocol/
March 2022 Goals,5,MOPE; lab-website; marine-stress-data-atlas; project-ostrea-chil; tusk,https://ahuffmyer.github.io/ASH_Putnam_Lab_Notebook/March-2022-Goals/
E5 POC and POR Species ID PCR and RFLPs,5,lab-website; marine-stress-data-atlas; photo-2-notebook-post; project-ostrea-chil; tusk,https://ahuffmyer.github.io/ASH_Putnam_Lab_Notebook/E5-POC-and-POR-Species-ID-PCR-and-RFLPs/
October 2022 Goals,5,MOPE; lab-website; marine-stress-data-atlas; project-ostrea-chil; tusk,https://ahuffmyer.github.io/ASH_Putnam_Lab_Notebook/October-2022-Goals/
Taxonomy Assignment - Yellow Island 2018 eDNA Samples Using QIIME 2,4,laby-18s; photo-2-notebook-post; project-eDNA-yellow; resources,https://robertslab.github.io/sams-notebook/posts/2025/2025-04-24-Taxonomy-Assignment---Yellow-Island-2018-eDNA-Samples-Using-QIIME-2/index.html
Cod BWA,4,MOPE; lab-website; project-cod-temperature; project-olympia.oyster-genomic,https://sr320.github.io/tumbling-oysters/posts/48-cod-bwa/index.html
Chlorophyll Content Protocol,4,lab-website; marine-stress-data-atlas; project-ostrea-chil; tusk,https://ahuffmyer.github.io/ASH_Putnam_Lab_Notebook/Chlorophyll-Content-Protocol/
E5 orthologs,4,lab-website; marine-stress-data-atlas; project-ostrea-chil; tusk,https://sr320.github.io/tumbling-oysters/posts/52-e5-orthologs/index.html
E5 deep dive lncRNA mRNA correlation networks,4,lab-website; marine-stress-data-atlas; project-ostrea-chil; tusk,https://ahuffmyer.github.io/ASH_Putnam_Lab_Notebook/E5-deep-dive-lncRNA-mRNA-networks/
ITS2 and 16s Extractions,4,lab-website; marine-stress-data-atlas; project-ostrea-chil; tusk,https://ahuffmyer.github.io/ASH_Putnam_Lab_Notebook/ITS2-and-16s-Extractions/
Generating physiology PC1 scores for timeseries molecular work,4,lab-website; marine-stress-data-atlas; project-ostrea-chil; tusk,https://ahuffmyer.github.io/ASH_Putnam_Lab_Notebook/Generating-physiology-PC1-scores-for-timeseries-molecular-work/
Priming week 2 (cont.),4,mock-farm-dashboard; polyIC-larvae; project-gigas-carryover; tusk,https://sr320.github.io/tumbling-oysters/posts/77-priming-w2/index.html
Symbiont Cell Counts Protocol,4,lab-website; marine-stress-data-atlas; project-ostrea-chil; tusk,https://ahuffmyer.github.io/ASH_Putnam_Lab_Notebook/Symbiont-Cell-Counts-Protocol/
Priming week 2,4,mock-farm-dashboard; polyIC-larvae; project-gigas-carryover; tusk,https://sr320.github.io/tumbling-oysters/posts/78-priming-w2/index.html
Protocols used during URI 2024 visit,4,lab-website; marine-stress-data-atlas; project-ostrea-chil; tusk,https://ahuffmyer.github.io/ASH_Putnam_Lab_Notebook/Protocols-used-during-URI-2024-visit/
Trout mapping differences,4,MOPE; project-cod-temperature; project-lake-trout; project-olympia.oyster-genomic,https://sr320.github.io/tumbling-oysters/posts/81-trout-mapping-diff/index.html
Coral Cell Count Protocol,4,lab-website; marine-stress-data-atlas; project-ostrea-chil; tusk,https://ahuffmyer.github.io/ASH_Putnam_Lab_Notebook/Coral-cell-count-protocol/
Oyster lifestage carryover project growth preliminary analysis,4,paper-gigas-early-gametogenic-exposure; photo-2-notebook-post; polyIC-larvae; project-gigas-carryover,https://ahuffmyer.github.io/ASH_Putnam_Lab_Notebook/Oyster-Lifestage-Carryover-Growth-Analysis/
Prime,4,mock-farm-dashboard; polyIC-larvae; project-gigas-carryover; tusk,https://sr320.github.io/tumbling-oysters/posts/29-prime/index.html
February 2024 Goals,4,lab-website; marine-stress-data-atlas; project-ostrea-chil; tusk,https://ahuffmyer.github.io/ASH_Putnam_Lab_Notebook/February-2024-Goals/
Protein Protocol,4,lab-website; marine-stress-data-atlas; project-ostrea-chil; tusk,https://ahuffmyer.github.io/ASH_Putnam_Lab_Notebook/Protein-Protocol/
"Revising E5 timeseries results - restructuring figures, filtering, and haplotypes",4,lab-website; marine-stress-data-atlas; project-ostrea-chil; tusk,https://ahuffmyer.github.io/ASH_Putnam_Lab_Notebook/Revising-E5-timeseries-results---restructuring-figures-and-filtering-univariate-data/
10K seed,3,10K-seed-Cgigas; SHIELD; resazurin-assay-development,https://sr320.github.io/tumbling-oysters/posts/71-10k/index.html
Lake trout gene-phenotype,3,project-cod-temperature; project-lake-trout; resazurin-family-screenings,https://sr320.github.io/tumbling-oysters/posts/76-lake-trout-gene-pheno/index.html
Klone,3,project-cod-temperature; project-ostrea-chil; resources,https://sr320.github.io/tumbling-oysters/posts/38-klone/index.html
DNA RNA Isolation and Quantification - G.macrocephalus Blood Using Bullet Blender and Zymo Quick DNA RNA MiniPrep,3,lab-website; project-cod-temperature; resources,https://robertslab.github.io/sams-notebook/posts/2025/2025-04-28-DNA-RNA-Isolation-and-Quantification---G.macrocephalus-Blood-Using-Bullet-Blender-and-Zymo-Quick-DNA-RNA-MiniPrep/index.html
DNA and RNA Isolations and Quantification - G.macrocephalus Blood Using Zymo Quick-RNA RNA MiniPrep Plus Kit,3,lab-website; project-cod-temperature; resources,https://robertslab.github.io/sams-notebook/posts/2025/2025-03-25-DNA-and-RNA-Isolations-and-Quantification---G.macrocephalus-Blood-Using-Zymo-Quick-RNA-RNA-MiniPrep-Plus-Kit/index.html
Mcapitata 2020 Early Life History Sample Processing,3,MOPE; marine-stress-data-atlas; photo-2-notebook-post,https://ahuffmyer.github.io/ASH_Putnam_Lab_Notebook/Mcapitata-2020-Early-Life-History-Sample-Processing/
Trout synteny,3,MOPE; project-lake-trout; project-ostrea-chil,https://sr320.github.io/tumbling-oysters/posts/79-trout-synteny/index.html
DIAMOND BLAST Database - NCBI NR Database and Taxonomy Nodes on Raven,3,laby-18s; project-eDNA-yellow; resources,https://robertslab.github.io/sams-notebook/posts/2025/2025-04-29-DIAMOND-BLAST-Database---NCBI-NR-Database-and-Taxonomy-Nodes-on-Raven/index.html
Ortholog selection,3,MOPE; project-lake-trout; project-ostrea-chil,https://sr320.github.io/tumbling-oysters/posts/53-ortho-select/index.html
DNA RNA Isolation and Quantification - G.macrocephalus Blood Using Bullet Blender and Zymo Quick DNA RNA MiniPrep,3,lab-website; project-cod-temperature; resources,https://robertslab.github.io/sams-notebook/posts/2025/2025-05-02-DNA-RNA-Isolation-and-Quantification---G.macrocephalus-Blood-Using-Bullet-Blender-and-Zymo-Quick-DNA-RNA-MiniPrep/index.html
Outreach event with Maritime High School Nov 12 2024,2,laby-18s; project-eDNA-yellow,https://ahuffmyer.github.io/ASH_Putnam_Lab_Notebook/Outreach-event-with-Maritime-High-School-Nov-12-2024/
FastQC MultiQC - Yellow Island eDNA Project,2,laby-18s; project-eDNA-yellow,https://robertslab.github.io/sams-notebook/posts/2025/2025-04-18-FastQC-MultiQC---Yellow-Island-eDNA-Project/index.html
DNA Isolation and Quantification - S.namaycush Liver,2,project-lake-trout; resources,https://robertslab.github.io/sams-notebook/posts/2025/2025-02-20-DNA-Isolation-and-Quantification---S.namaycush-Liver/index.html
Mytilus reboot,2,project-myt-crass-methylation; project-mytilus-methylation,https://sr320.github.io/tumbling-oysters/posts/83-mytilus-reboot/index.html
DNA Isolation Quantification and Concentration - S.namaycush Siscowet Liver Samples Using Zymo Quick-DNA RNA MiniPrep Plus Kit,2,project-lake-trout; resources,https://robertslab.github.io/sams-notebook/posts/2025/2025-07-08-DNA-Isolation-Quantification-and-Concentration---S.namaycush-Siscowet-Liver-Samples-Using-Zymo-Quick-DNA-RNA-MiniPrep-Plus-Kit/index.html
MEGAN,2,laby-18s; project-eDNA-yellow,https://sr320.github.io/tumbling-oysters/posts/42-megan/index.html
Trimming - Yellow Island eDNA FastQs Using Fastp FastQC and MultiQC,2,laby-18s; project-eDNA-yellow,https://robertslab.github.io/sams-notebook/posts/2025/2025-04-18-Trimming---Yellow-Island-eDNA-FastQs-Using-Fastp-FastQC-and-MultiQC/index.html
Cod talk,2,lab-website; project-cod-temperature,https://sr320.github.io/tumbling-oysters/posts/55-cod-talk/index.html
Mcapitata Development 16S Analysis in QIIME2 (Part 3),2,laby-18s; project-eDNA-yellow,https://ahuffmyer.github.io/ASH_Putnam_Lab_Notebook/Mcapitata-Development-16S-Analysis-Part-3/
DNA Concentration - S.namaycush DNA from 20250220 Using SpeedVac,2,project-lake-trout; resources,https://robertslab.github.io/sams-notebook/posts/2025/2025-03-10-DNA-Concentration---S.namaycush-DNA-from-20250220-Using-SpeedVac/index.html
Comparing QIIME2 and Mothur 16S QC and Filtering,1,photo-2-notebook-post,https://ahuffmyer.github.io/ASH_Putnam_Lab_Notebook/Comparing-QIIME2-and-Mothur-16S-QC-and-Filtering/
2023 UW Software Carpentry Workshop in Terminal Git and R,1,photo-2-notebook-post,https://ahuffmyer.github.io/ASH_Putnam_Lab_Notebook/2023-UW-Software-Carpentry-Workshop-in-Terminal-Git-and-R/
Trout lift-over,1,project-lake-trout,https://sr320.github.io/tumbling-oysters/posts/78-trout-lift-over/index.html
SORMI post mortem,1,sormi-assay-development,https://sr320.github.io/tumbling-oysters/posts/80-sormi-post-mort/index.html
SORMI,1,sormi-assay-development,https://sr320.github.io/tumbling-oysters/posts/70-sormi/index.html
Trout reciprocal PAV,1,project-lake-trout,https://sr320.github.io/tumbling-oysters/posts/82-trout-recip-pav/index.html
Reagent Preparation - Glycogen-Glo Aliquots,1,resources,https://robertslab.github.io/sams-notebook/posts/2025/2025-12-29-Reagent-Preparation---Glycogen-Glo-Aliquots/index.html
Oyster Tank Maintenance in FTR,1,ftr-tanks,https://ahuffmyer.github.io/ASH_Putnam_Lab_Notebook/Oyster-Tank-Maintenance-in-FTR/
Reorganizing oyster tanks in FTR,1,ftr-tanks,https://ahuffmyer.github.io/ASH_Putnam_Lab_Notebook/Reorganizing-oyster-tanks-in-FTR/
Software Installation - Shiny App Server on Raven,1,resources,https://robertslab.github.io/sams-notebook/posts/2025/2025-11-06-Software-Installation---Shiny-App-Server-on-Raven/index.html
