repo,updated,description,url
project-sablefish,2016-11-25,,https://github.com/RobertsLab/project-sablefish
hackweek-project,2018-06-05,,https://github.com/RobertsLab/hackweek-project
hackweek-2020,2020-08-29,,https://github.com/RobertsLab/hackweek-2020
website,2023-08-31,,https://github.com/RobertsLab/website
paper-Wang2020,2020-11-02,,https://github.com/RobertsLab/paper-Wang2020
OCEAN,2026-08-21,,https://github.com/RobertsLab/OCEAN
you_wreck_me,2023-10-19,Git/GitHub testing sandbox.,https://github.com/RobertsLab/you_wreck_me
CRESST-OAE,2026-05-18,,https://github.com/RobertsLab/CRESST-OAE
onboarding,2020-09-02,,https://github.com/RobertsLab/onboarding
hackweek-p2,2018-06-05,,https://github.com/RobertsLab/hackweek-p2
hack-nb,2018-06-04,nb,https://github.com/RobertsLab/hack-nb
project-m4,2026-09-27,,https://github.com/RobertsLab/project-m4
current-findings,2026-08-31,,https://github.com/RobertsLab/current-findings
paper-Olurida-gene,2017-06-29,Gene expression data and R scripts for analysis,https://github.com/RobertsLab/paper-Olurida-gene
project-maturation-control,2024-05-19,,https://github.com/RobertsLab/project-maturation-control
project-cockle-repro,2020-11-23,,https://github.com/RobertsLab/project-cockle-repro
hackweek-2018,2018-01-30,,https://github.com/RobertsLab/hackweek-2018
project-template,2021-12-16,,https://github.com/RobertsLab/project-template
RNA,2026-03-19,Repositories Needing Attention,https://github.com/RobertsLab/RNA
titrator,2018-09-06,Data and SOPs for titrator,https://github.com/RobertsLab/titrator
2017-hackweek,2017-07-27,,https://github.com/RobertsLab/2017-hackweek
paper_oly_gbs,2017-04-19,,https://github.com/RobertsLab/paper_oly_gbs
hackweek-2021,2021-07-20,,https://github.com/RobertsLab/hackweek-2021
Open-House-2021,2021-05-19,SEAS Open House 2021,https://github.com/RobertsLab/Open-House-2021
m2m-dashboard,2025-09-26,,https://github.com/RobertsLab/m2m-dashboard
